user_id,cb_lgb_recommendations
1,[1005186 5577022  856942  940947 1004906]
3,[1106523 5569230 8090521  899624 1101010]
6,[1082185 1098844 5569230 1029743  878996]
7,[1106523 1126899 1122358 1029743 5590695]
8,[1029743 5569230  872137 5569471 1070820]
9,[1029743 1070820 1135468 5569230 1114605]
13,[ 951590 1029743 1038985 1126899  862070]
14,[1029743 6533765  902377 1121384 1044078]
15,[ 1106523  1029743 13073175  1026118   845208]
16,[ 860361 6533765 6534030 6534035 6534077]
17,[5569471  896085  948670 1029743  924004]
18,[1010766  916122 1128477  951412  995965]
19,[1029743 1044078  844179 1106523 5568378]
20,[1075368 1126899 8090536  995628 1016709]
22,[ 1082185 13115981  1070820  1010578   944836]
23,[1034176 1075368  849202 1051468 1004436]
24,[1106523 1101010  935993 1082185 5569230]
25,[ 1029743  5568378   929018 12949590 13008065]
26,[1029743 1068719  896862 1083043 1122358]
27,[ 963686 1102416 1048373 1058709 1135468]
28,[ 1005186  6533911   916122  6534030 13416117]
29,[1029743  950894 1044078 5568378  854900]
30,[1106523 6534480 1005186  854405 1051323]
31,[1126899 1070820 1029743  909714 5570383]
32,[1024319  878996  901062 5569471 1005186]
33,[1106523 1029743 1044078 1005186 6533765]
34,[1029743  986912  916122 6533765 1070702]
35,[1029743 5569230  986912 1126899 5568378]
36,[1029743 1084310  849578  962229  995628]
37,[1097001  916990 1067695  898448 1073120]
39,[1126899 1127716 1070820  880050 5569471]
40,[6034857  878996 1055504 1112205  913210]
41,[1126899  909714  913210 6961848 1120009]
42,[6602697  839656 5995177  829621  916122]
43,[1029743 6391137 1004906  863447 1115800]
46,[1029743  899624 1098844 5569230  999104]
47,[1005186  999104 6533681 5569230 8119103]
48,[1106523  831628 1117556  880150  916122]
49,[1070820  916122 1126899 5569471 1029743]
52,[1106523 1029743 1060408 1039627  972665]
53,[5569471 6034857  916122  999858 8358383]
55,[ 1097280  1098844  5570467   866211 13008334]
56,[5569230  979707  940947  986912  891415]
57,[ 986912 1106523 1037863  916122  848319]
58,[1070820  916122 5569471  979707 1126899]
59,[1106523 1056509  866211 1004906 6034857]
60,[1029743  916122  909714 1040807  919534]
63,[1062572 1020823 1125123 1115827  994995]
64,[1106523 7152455  949023 1013928 1093413]
65,[1029743 1070820 1075368  965766  986912]
67,[ 951590 1029743 5569230 5569471 1098844]
68,[1029743 1101010 1106523 1004906  844179]
69,[1106523  951590  965766 1044078  832678]
70,[1130375 1003158 1044153  819978  823704]
71,[1008288 1056509 1029743  899624 6034857]
72,[1070820  979707 8090521  872137 1005274]
73,[1070820 5568489 1130581 1005186 9483753]
74,[1005186 1106523 5569374 1098248  878996]
75,[12810422  9707240  9835509  9835903  9836106]
76,[6034857 6391173  951412  854852 1111080]
77,[1126899 1106523 1029743  901062  955921]
78,[1082185 1039627 6773232  835098 1106523]
79,[1070820 5569230 1029743  883932  849697]
80,[1082185 1029743 1005186  866211 1044078]
81,[1029743 1093413 1044078 1106523  971922]
82,[1084036  863447  847573  819308  880150]
83,[ 899624  848319 1037332 1059902  841309]
84,[ 903529  951590 1117067 5569471  885290]
85,[1005186 1097280  938596 8203851 1004906]
86,[1029743 1005186  865026  878996  986912]
87,[ 1079528  1048257  6391089  1083043 13381584]
88,[1075368 8090521 1029743 1082990  888104]
89,[ 852856 1002771  819978  823704  823721]
90,[ 862535 1070820 1135552 1068719  866211]
91,[1029743  910151  989275 1000148 1106523]
92,[  845208 12946027  1126899  1104343   866211]
94,[1005186 1110843 1044078  961979 1139638]
95,[1029743  983584 1088771  922561  976199]
97,[1075368  880888 1041796  883932 1070820]
98,[ 1091858   847241 15972298   908504  1117556]
99,[1029743  916122 6034857  916993 7168286]
101,[1106523 6533765 5569230 1044078 5569845]
103,[1106523 1029743  986912  983584  899624]
104,[1029743 5569230 5568378  965766 1098844]
105,[ 1005186  1004906  1106523   844179 15926886]
106,[ 5569230   916122 12171656  6034857  1005186]
108,[1070820  925854 1071446 1029743  976199]
109,[ 1126899   916122 12731436  1046756   835098]
110,[1106523 1044078  899624 1068719  845677]
111,[1106523 1004906 1039627 6533681 1116741]
112,[1070820 1005186 5569471  933835 1022066]
113,[1070820  976199 1098844  878996 1018339]
114,[ 1029743   916122 10344585  5568489  1070820]
115,[1106523  983584  918598  989275  912451]
116,[1019637 5569471 5569230 1104343 1014732]
117,[ 951590  852235  928589  852360 1126899]
118,[ 1082185  1083043 13381584   893018  1006184]
119,[1029743 1005186  986912  871722  940947]
120,[ 1007136  1110843  6904495 12810393  9677236]
121,[1029743 1044078 5568378  965766 1004906]
122,[5569230 1116635 1135468 1044078 1086119]
123,[1029743 1005186  916122 1056509 1044078]
124,[1106523 1037840  957063 1004906  899624]
125,[1029743  834117  883003 5568378 1121694]
127,[1029743 1106523  899624  983584  913210]
128,[1082185 1029743 1098248  866211  901062]
131,[1106523 1029743 1044078  899624  979707]
132,[1126899  854852  999198 1050851  878996]
133,[1029743  979707  848319 1062002  857503]
135,[ 852360 1063207  959455  933835 1117690]
136,[1106523 8090537 8090521 5568378  899624]
138,[1029743  979707 1098844 5569471 1070820]
139,[1082185 5569230 1038692 1134006 6034857]
142,[1082212  997011 1013826 1012315 5569327]
143,[1029743 1106523 1104205 5569230  965766]
144,[1106523  986912  999779 1044078  965766]
145,[ 1082185  1029743  1126899  5569471 13158992]
147,[ 1106523   995628   913210  9419525 12731432]
148,[ 883003 1126899 1003487 5569230 1029743]
149,[ 913210  873044 1101010  979707 1004906]
151,[1029743  916122 1126899  872137 1106523]
152,[ 879504  852235  969568 5568378  866211]
153,[1006063  897954  984575  916122 1112405]
154,[1106523  899624 1102416  965766 5585510]
155,[ 1029743   883932  1075368 12648296  5568378]
156,[1070820 1082185 1005186 1051323 5569230]
157,[1126899 1070820  962229 5569230  928932]
158,[ 1128240  1094924   997423 12731714 13877012]
159,[1004906 1068719 1131344  846823  853124]
160,[ 951590 1070820 1005186 1101010 1135834]
161,[5568378 1075368 1004906 1092937  957063]
162,[1070820  916122 6034857 1122358  989275]
163,[6533936  944137 1045710 1026235  909268]
164,[1029743 1106523  916122  894439 1069039]
165,[1070820  944534 1104343  899624  916122]
166,[1029743  951590 1106523 1075368 1101010]
167,[ 5569230 13417954 10457590  1048257   962266]
171,[1029743 1044078 1004906  899624  983584]
172,[6533765 5569230  829722  990453  891632]
175,[1106523  851146 1068719 5565802  994685]
177,[ 1126899  5569230   866211 10344585   916993]
178,[ 963686 1106523 1116376 1024319  827656]
180,[1029743 1106523 5590613 5569230 1056509]
182,[1106523 1044078 1083787  898466  895166]
183,[1106523  878996  819840 1026118 7147145]
184,[ 896085  848319 6534229 9835509 9187298]
185,[1029743 5569230 8273833 9245106  844179]
188,[1106523 1005186 1044078  965766 8090537]
189,[13841744   986912  1106523  9707498  1005186]
191,[1102067  865456  841220 1015785 1060543]
192,[1029743 5569230 9245106 1027168  990797]
193,[1106523 1029743 1082185 8090537  983584]
194,[1106523 1051468  878996  845208 6391381]
195,[1029743 7167836 1062002 1062128  845208]
196,[1082185 1106523 1029743 5569230 1081177]
197,[ 951590 1126899  963835 9881593  856252]
198,[1106523 1029743  899624 5569230 1044078]
199,[1005186  863447 1135195 1110843 1091365]
200,[ 983584 5568378  823990 1081177  985605]
201,[1138292 6034857 5569327 1103476 1056509]
203,[1070820 5569471 1029743 1005186 1004906]
204,[1070820 6034857  872137  938118 1110843]
205,[1082185 1106523 1026118  819840 1072523]
206,[1106523 1044078 1101010  982790 1132771]
207,[ 976199  951412 1123022 1026118 1005186]
208,[ 965766 1070820  979707  879504  885290]
209,[1029743  899624 6533765  845208  983584]
210,[1106523  899624 1051323  999779 1044078]
211,[ 962229  945662 1006878  998444  883932]
212,[1029743 1070820 1044078 8090521  840227]
214,[ 876624  916487  901062  942341 1022340]
215,[ 916993  985999 1005186 8019977  854852]
216,[6533936  986912 1008547  927277 1090676]
217,[ 986912  916122 1029743  895930 1126045]
218,[  965772   993430  1029743 13073175  1077133]
219,[1082185 1024306 1098844  854852  940947]
220,[ 951590 1029743 1068719  866211  979707]
221,[15926886   937736 12427353  6424460  1101010]
222,[ 878996  999779 1029743 1126899  866211]
223,[1029743 6533765 1128016  904129  899624]
224,[1106523 1029743  850925 5569230 1056509]
225,[1029743  987122  850601 1137346 1004906]
226,[1029743 5569230  866211 1044078 6533765]
227,[ 996009  871722 9419198  954424 1100273]
228,[1126899 5569471  899624 1005186  933835]
230,[1029743  844179 1044078 8090537 1004906]
232,[6533765 1049922  913210 1014388  976199]
233,[ 1122568   862535  1131488   926763 12263841]
235,[1070820 1121384  860317  983584  824813]
236,[1126899 5569471 1075368 5569230 1029743]
237,[5569471 5569230 1029743 1074754  971922]
238,[1106523 1102416 1075368 1101010  986912]
239,[1106523 1044078  835098 1004906  999858]
240,[1106523  926905 1022428 1073902 1008173]
242,[1029743 1082185 1126899  918598  978343]
243,[1126899 6034857  901062  909714  976199]
244,[ 834117 8090537 1004906 5568378  929018]
245,[ 1106523  1029743   972416 12731517  1132771]
246,[1005186 1070820 1106523 1063207 1029743]
247,[ 986912 8090537  901062  905636 1005186]
248,[1106523 1029743 1126899  913210  883003]
249,[1029743 1106523 1044078  916122  965766]
250,[ 951590 1029743 8090537 5568378 1128016]
251,[1029743  916122 1070820  933835 8090521]
253,[ 951590 1106523  832678 5568378 1044078]
254,[1106523 1123101 1022254  990797  822225]
255,[5569230 1029743  960732  947146  899736]
256,[1075368 5568378 1111786 9655242  944836]
257,[1106523 1093413 1051323 1029743 5568378]
258,[1048257  906917 9526572 1044078 1070820]
259,[  940947  1087605  1139023 15972298  1071446]
260,[1070820 5568378 1092303 1019643  971922]
261,[ 916122 5568378  965766 6034857 1132771]
262,[1101010 1040807 1016800  933835  926905]
263,[1029743 1005186 1044078  940947  883932]
267,[ 929373  935393 1106523 6533765  901976]
269,[1139782 1009361  899624  844179  965530]
271,[1126899  986912 1135834 1005186  819978]
273,[1106523  856818 6979579 5569230 1005186]
275,[1106523 6533765  918638 1081262  940996]
276,[  825317   847803 12810391  1029743  1075368]
277,[1029743  983584 5569845  844179 5568378]
278,[6034857  965766  916122  895680 1044078]
279,[1029743 1005186  940947  944534  844179]
280,[1106523 1044078 1029743  899624  916122]
281,[1070820  999104  854852  913210  855454]
282,[  916122  5571261  1005186   979707 10344718]
283,[1070820  984680 5569471  916122  940947]
285,[1106523  899624  844179  944534 1013389]
286,[ 845208 5569230  854852  866211  872137]
287,[1029743 5569230 5568729 1106523 1053282]
288,[1082185 1026118 1098844 1070820  983584]
289,[ 1104343  6034857 13071902   909714  1125497]
290,[1029743  962229  947798 1013928 5568378]
291,[1005186  911311 1106523 1037863 5568378]
292,[1106523 1135468  864335 1101010  933835]
293,[  979707  1106523  1070820 16100266  1005186]
294,[1106523 1029743 9245108  946839  844179]
297,[1029743 5568378 1044078  916122  907631]
300,[ 1106523   951590  1029743   899624 12302069]
301,[ 986912 1024306 1015474 6034857  874972]
302,[ 892531  969568 1027168 5569327 1044078]
303,[1029743 5569230 1101010  895930 8090521]
304,[1082185 1029743 1106523 1122358 6979753]
305,[1029743 8090537 1133850 8090521 1110244]
306,[1029743 1101010 6034857 1056509 8065410]
307,[1019637 1074040 1065259 1135468 1114653]
308,[5569230 6904613  961620  887102  862010]
311,[1106523 1063207 1005186 1029743 1091365]
314,[1106523 1082185 1029743  893018  820486]
316,[1044078 5568378  844179 1122358 1131344]
317,[1082185  951590 1029743  983584 1138443]
318,[1106523 5569230  962229 1044078 7025203]
319,[1029743 1106523  916122  899624 5569230]
320,[1029743 8090521  854852 1128016 1072693]
321,[ 986912 1056509  976199  993638 1098844]
322,[1070820 5569471 1000237  859427  971922]
324,[1098844 1070820  951188 5569374 1010681]
325,[1029743 5569471  976199 5569230 8177622]
326,[1037840 8090521 8090537 1013928  973016]
328,[ 979707 1070820  901062  885290  878996]
329,[1029743  944836  854852  901062 1005186]
331,[1106523 1029743  896085 1070820 5569230]
332,[1029743 1070820  899624 1044078  976199]
334,[1082185 1029743 1056509 1106523  854852]
335,[1082185 1098844 1026118 1106523  835300]
338,[1106523 1026118 1082185  819840 1004906]
339,[1106523 1029743 1044078  913210  999779]
341,[ 916122 6391089 1101706  892314 1022097]
342,[1029743 1070820 1005186 1106523 5568378]
343,[ 848319  864279 5569230  872137  916122]
345,[1029743 6602697 1068719  916122 5568378]
346,[1029743 1101010  819978 9245108 1040807]
347,[1029743 1126899 5569471 5568729 1100972]
348,[1029743  899624 1044078 1056509 1068719]
349,[1029743 1126899 1106523 5569471 5569374]
350,[1106523 1005186  986912  885697 1044078]
351,[ 951590 1082185 1106523 8020166  894439]
353,[1098844  979707 5569374  866211 1134810]
354,[ 849202 1056509 8019233 1097001  878996]
356,[1049735 1029743  947798 8357825  834117]
357,[1126899  916122 1122358  878996  976199]
358,[1106523 5569230 1044078 5568489  844179]
360,[5568378 1005186  839419 1121360  841236]
361,[1101010  844179  976199 1029743 5569471]
362,[ 1128395   986912   955921 12731714  1056509]
364,[1029743 1106523 5569230  899624  916122]
365,[1082185 1062128  986912 1106523 1114605]
367,[1070820  878996  833724 5569471 6034857]
368,[6533936 1056509  919534 1029743  956125]
371,[6034857  907631  901062 6533936  859427]
374,[1029743 1108094 1026118 1037840  878715]
375,[1029743 6464165  957164 1106523 8090532]
376,[ 965766 1044078  934639  986912  999858]
377,[1082185 1029743 1126899  899624  935578]
378,[1005186  916990  904521  948670  944534]
380,[ 951590 1082185 1106523  965766 5569230]
381,[1075368 1029743 1034176  933835 1051323]
382,[1029743 9527159  999250  961979  822225]
384,[1075368 1126899 1068957 1029743 1055425]
385,[ 933835 1126899 5569471 1087102 6034857]
386,[1106523 5568378  899624 1119761 1044078]
387,[1126899  916122  878715 1108094 1131506]
388,[1029743 1079338  849274 1123101  893018]
389,[ 1082185  1126899 13115981 12782182 12781829]
390,[ 951590 1058243 1029743 5569230 1005186]
392,[ 963835  940947 1042765 1087287  916122]
393,[1106523 1029743 1013928 5569230 1044078]
394,[1063207 1106523 1070820 1029743 1005186]
395,[1070820 5569230 1098844 1029743  854852]
396,[1126899  866548  866211 1075368 5569471]
397,[1029743 1126899 6904613  892573  931255]
398,[1029743 1022097 5569230 1037840  933835]
399,[1075368 1131634 5569230  965766  916122]
400,[5567702 1113651 1049735 9676938 5566235]
401,[ 965766  986912 1004906  942166  948832]
402,[ 1063207   853448 12171656   819978  1005186]
403,[ 880150 5569374  863447  854852  944534]
404,[9392953  966778  971983 1092588 1014565]
405,[1101010  916122 1029743  948670  933835]
406,[1029743 1070820  976199 1092303 6391381]
408,[1106523 1029743 5569230  903800 5569327]
409,[1070820  979707 5569471 1121384 1098248]
410,[1029743 1044078  899624  844179  948650]
411,[1082185 1029743 1106523 1092937  899624]
412,[1005186 6533765  986912 1005274 1106523]
413,[1082185 1106523  986912 5569230 1026118]
414,[1029743 1106523  940947 5568378 1044078]
415,[ 864893 1090884  872762  852145 1055472]
417,[1082185 1029743  976199  901062 1055504]
418,[1065061  916487 1070820  979439 1029743]
419,[1082185 5569230 1029743 1101010  933835]
420,[1029743 1106523  916122 5569230  889551]
421,[1126899 1070820 1029743  976199 1068719]
424,[ 849202 1098248 1053988  854852 1024306]
425,[ 1070820  1029743   913210  1106523 13115579]
426,[ 1005186   899682  1098248 13007065   878996]
427,[1082185 1029743  986912 1102416 1075368]
430,[1029743 1106523 5569230 1006483  983584]
431,[ 834117 1070820 5569230  940947  993638]
432,[1029743 1005186 5569230  916122 1004906]
433,[1082185 1106523  896613 1138854  925862]
434,[1068719  934639 1068292 1102067  919534]
435,[5569230 5569471 8090532 8090521 1127716]
436,[1029743 1082185  934948 1106523  986912]
437,[1029743 9884698  835098 1101010 1106523]
438,[  951590 15926886  9881593   917033  1016800]
439,[1037840 1086119 1075368 9446069 1095227]
441,[1038985 1124971  933835 6602729 6533681]
442,[1091365 1126899 1110843  835098 1003616]
443,[ 1070820   899624  1081177 12484608  1106523]
445,[1126899  983584 1037840 1070820  916122]
446,[1044188  888586  908504  972969  954966]
447,[1029743 1044078 1075368 1008675 1031864]
448,[1128016 1126899 1138443 1132771 1122358]
449,[1029743  965766 1027849  854852 5581910]
450,[1005186  863762 1093413  933835 1024051]
451,[ 999189 1026118  934639 1029743 1004906]
452,[1029743 1044078  986912  844179 8090537]
454,[1029743 5569230  916122 1106523  899624]
456,[8090536 1070820 5569230 1075368  901916]
457,[1029743 1005186  911311 1106523 6533765]
458,[  916993  1126899 12782182   831246   999563]
459,[  986912   863762   885290  1058243 13008334]
460,[1106523 1098844 1081177 1089954  963835]
461,[1004906 1050851  844179  897954 1029743]
462,[1105917 1045586 1011926 1029743 1137775]
463,[ 1082185  1106523  1036093 12811532  1055504]
464,[1029743 5569374 1056509  993638  899624]
466,[1025611 1068719  844179 1072523  874563]
467,[1106523 1029743 1081177 1026118  899624]
468,[1106523 1082185 1098284 1131506 1029743]
469,[ 901062  916122 5569230 1098248  878996]
470,[ 908314  899624 1005186 1112766  962229]
471,[1106523 5569230 1005186 1022254  986912]
472,[1029743  976199  979707  940947  933835]
473,[1082185 1029743 1056509 1122358 1053016]
474,[1029743 1106523 1068719  831628  844179]
475,[1075368 1029743 5569230  940947 8090521]
476,[1106523 1070820 1126899 1029743 5569230]
477,[ 1029743  1126899  1068719 12731432   899624]
479,[1063207 1005186  986912 1037840 1106523]
480,[1070820 5569374 5569471  916122  976199]
481,[ 972416 1126899 1005186 1120928  965766]
482,[1044078 1106523  965766  999779  899624]
483,[ 1106523  5569471  5569230   947858 12695224]
484,[1005186 1006483  984575  946839 1029743]
485,[1029743  972665  899624 7168431 5569471]
486,[1041796 1051323 8020205  925862  916122]
487,[12484491   984575   862682  1113780 13506200]
488,[1029743 1026118  835098  866211  844179]
489,[ 986912 1019247 1022254  916993  901062]
490,[1075368 1106523 5569230 5569471  866211]
491,[1126899 1055504 6533936 1056509 9676938]
493,[1029743 1070723  819927  965766 1024731]
495,[ 1029743   913210 12810391  8090521  1106523]
496,[1106523 5563934  899624 5585510  871756]
497,[1029743 1070820 8293447  976199 1098844]
498,[ 1106523 12171656  1004906  1112238   916122]
501,[ 922561  965766 1114605  844179  971983]
502,[1029743 1068719 1106523 5568378  899624]
503,[1070820  971983  901062  947875 8090536]
505,[ 7166861   908064   962991 12648296  1127716]
506,[ 916122 1005186 5568732 1062128  843346]
507,[1126899  976199 1127716 1037332 8066803]
510,[1070820  916122  854852  844179 1029743]
511,[1029743 6533765 1044078  899624 5569230]
512,[1106523  899624  842392 1101010 1044078]
513,[ 865026  844179 1117690 1093413 1018740]
514,[878996 923169 866211 909714 852235]
515,[1106523 5569230 1004906 8090521  899624]
517,[1126899  976199 1004906  878715 1098844]
518,[1029743  979707 1137775 1038985 1122358]
519,[ 907099  854852 1029743  962266  888586]
520,[1106523 1029743 1082185 1005186 1068719]
521,[1026118 1106523 1029743  819840 1126899]
523,[ 970861  898121  908514  897088 9803601]
524,[1082185 1106523 1029743 1098844 1098248]
525,[1104343  883003 1004906 6602697  842698]
526,[1029743 5569230  913210  834117 7169088]
527,[ 5567582   933835  7169090 12987976   972437]
528,[1070820 1004001 1139782  854852 5585510]
530,[1070820 1106523  976199 6034857  979707]
532,[1130729  999189  878715  861279 1065538]
534,[1005186 6533765  986912  832678  926422]
536,[ 1029743  8090521  5568378  1044078 15926886]
537,[1116635 1128163 1126899 1091090  916122]
538,[1070820 1098844  909714  901062  906838]
539,[1006184  878715  856252 5569230 1128016]
540,[1000237  859427  916122 1068719  989830]
541,[1106523 1122358  899624 6533765 5569471]
542,[1106523 1082990 1029743  824796 6533765]
543,[ 820486  989409 8090537 8090521  991761]
544,[ 1126899  1098844  6034857 12946027  1070538]
545,[ 986912 1005186 1125943 6034857 1055504]
548,[ 6034857  1001333   976199  1005186 13007986]
550,[1029743  899624  835098  844179  917438]
551,[1126899 1029743 1011926 1004906  916122]
553,[ 951590 1029743 1075368  849202 1101010]
554,[1106523 8090537  946839 1120970  824180]
557,[1126899 5569471 6034857 6602729 5569230]
558,[1106523  899624  883932  893018  871756]
560,[1029743  964520 5565453 1027168  999104]
561,[6034857  909268  892314 1070702  854754]
562,[1029743  916122 1005186 1063207 5569230]
564,[5569230 1018316 1070538  965766 1091090]
567,[ 1089766   986912 10456164   968391  1106523]
568,[1106523 1038663  999779 5572738 1083787]
569,[ 981677  970160 6391080 1044259 1027208]
570,[1029743 9676938 5569230  933835 1004906]
573,[1029743 1106523  916122 1070820 5581335]
574,[1029743  983584  851819  916122  933835]
575,[5569230 1070820 8019233  897270 1049735]
577,[ 951590  979707  986912 1056509  872137]
578,[ 942166 1005186 8090521  859427  877770]
579,[1005186 5569230 1091365  916122  852856]
580,[ 1118946  1056509  1041796 12731544   966348]
581,[1126899 5569471 1070820 5569230 1084796]
582,[1029743 5569230  848319  854852 5569471]
583,[ 1029743 15926886  5569230   989824  8090521]
585,[1126899 5569230  983584 5569845 5568072]
586,[1029743  916122 1106523 1004906  860703]
587,[1106523  939789 1114653 1138487  859426]
588,[1106523  933835 5569230 5569327  919534]
590,[5569230 1029743 1004906 1106523  916122]
591,[1065017 1106523 9245106 1025611  899624]
592,[1070820 1029743 5569230 5569374 5569471]
593,[1106523 5569374 1059902  879504  984575]
594,[1029743 1106523  899624 1044078  913210]
595,[1106523 1029743 1013389 5569230  853124]
596,[1106523 8090537 1068719 1084036  899624]
597,[1126899 1029743 1062002 1006184  839419]
598,[1106523 1029743 1068719 6533765  872137]
599,[ 831063  940947  936914 1138443  857503]
600,[1029743 5569230  916122 1046587 6533765]
601,[1126899 1082185 1116096  831063 1090317]
602,[1029743  944139  937791  944317 1126899]
603,[1106523 1029743  899624 1044078 1051323]
604,[1070820 5569374 1060318  914577  865026]
605,[ 1126899  1106523 13133916   965772  1048068]
606,[1029743  916122 1027372  845208 1106523]
608,[1106523  907631  863762 6979753 1038462]
609,[1005186  903529 5569230 1036939 1134006]
610,[ 976199 1110843 5568378  964521 1006184]
611,[1029743 8177622 6534030 5568072 6534201]
612,[1029743 5568378  839656 1103476  826695]
614,[1029743  965766 5568378  952408  844179]
615,[  883003   971922  1098844 13008334   857503]
617,[ 1126899 10344585  1070820   919963 12810393]
618,[1106523 1029743 1037840 1101010  899624]
621,[1112825 1137775 1117602  844179 1120928]
622,[1106523 1029743 1065538 5569230  832526]
623,[1029743  934427  933835 1014732 1101010]
624,[1106523  899624 1044078  916122 5592931]
625,[ 933835 6602697 1004906  866211  921504]
627,[1098844  979707 1070820 1106523  901062]
628,[1029743 1106523 5569230 1075368 9831557]
630,[ 1070820   916122 15926886   899624  6464147]
631,[ 979707  899682 5569230 1104343 5569471]
632,[1029743 1082185  899624  916122 1070820]
633,[1075368 5590965 1029743 8090537 1097363]
635,[1106523  854852 1026118  899624  866211]
636,[1029743 5592931 8358933 1082185 1022254]
637,[ 926905 1037840 1106523 5569327 1082185]
638,[1029743 1016709  878996  844179  919534]
640,[1082185 1106523 9884698 1101932  899624]
641,[1070820 1126899  916122 1104349 1027216]
643,[1029743 5569230 6391532  899624 6534035]
644,[1019637  848319 1023160  999189 1014732]
647,[ 951590 1029743 8090536  933835  819978]
648,[1026118  854852 1081177  829645 1079941]
650,[1046545 1025611 1026118 1027168 1028891]
652,[ 832678  887526 1051211 1065061 1101932]
653,[1037840  979707 5569471 5569230 1126899]
654,[ 864893  916122 1054402  937413 1034176]
655,[1029743 1044078 1106523 5569230 1068719]
656,[ 951590 1082185 1106523 5569230  926905]
658,[1029743 1005186 1068719  986912  866211]
659,[ 925862 5569845 1084310  844179  865026]
660,[1126899  965766 1043787  971922  862010]
661,[ 5569230  1055403   986912 13158064  1044078]
662,[1029743 1068291  893018  898867  916122]
663,[1082185 1106523 1029743 5569230  945662]
664,[ 951590 1106523  903529  940947 5568378]
665,[1088771  922561 1029743 1131344  875089]
666,[1044078 1106523 5592261  844179 1050851]
667,[1092303  845208 1005186 1044078 1022254]
668,[1005186 5569471 1126899 6533936 1037332]
669,[1082185 1126899 1098844  878996  901062]
670,[ 1029743   916122 12263857   979707   899115]
671,[1029743  847434  879504 1056509  949151]
672,[1029743  899624 8090537  860703 8090532]
673,[1082185 1029743 1106523 1005186 1068719]
674,[ 878996 1029743  928589 1081177  936914]
675,[1106523 6533765 1121384  910673 1044078]
676,[1106523  899624 5568378  999779 5569230]
677,[ 976199  913210 1029743 5568378  848319]
679,[5569230 1013928 8090521 5569471 1040807]
680,[6034857  900586  859427  913210  899624]
681,[ 890695 8019916  856252 1134483 9677447]
684,[1106523  965766  951176  896974  844179]
685,[1015539 1097398  899624  916122 6534077]
686,[ 982469 1037863  895166  866211  835098]
687,[ 951590 1029743 1106523 5569230  965766]
690,[1037840 1029743 1088771  835098 6533765]
692,[ 878996 1004436 1019643 1135834  972416]
693,[1029743 1070820  962229 1044188 5569230]
694,[1037840 1106523  951590 1138423 1029743]
695,[1029743 1082185  878996  899624  859427]
696,[1082185 1126899  983584  878996  901062]
697,[ 1070820 12696089   901062   916122  1104343]
698,[1106523 1029743 1005186  995965 9803601]
699,[1029743  899624  962229  999104 5568378]
700,[1029743 1106523  899624 5568378 1101010]
701,[5569230  935993 5569374  891632  935578]
702,[1029743 1106523  899624  916122 1056509]
703,[1005186 6533765  901776 1121720  916575]
705,[ 1029743  1106523 12757316  9527558  1081177]
706,[1070820 5569471 1029743  976199 5569230]
707,[1098844 1121384  965766  909714  824977]
708,[1029743  916122 1092303  845208  867138]
709,[1106523 1029743 1075368 5569230  933835]
710,[ 1106523  5569230 13381584  1068719   922636]
711,[1037840  864893 1026118  975649 1068719]
712,[1070820  979707 5569374 5568378  933835]
713,[1075368 5569230 1029743 5569471  854852]
714,[1082185 1029743 1126899  899624 5569374]
715,[ 819978 1029743 1106523  986912  885863]
716,[ 1126899  1135476 12263841   908504   916122]
717,[1005186 1106523  986912  940947 1016298]
718,[1082185  899459  896085  859010  845208]
719,[ 895930 1106523  933835 1040807  819978]
720,[1056212 1115069 1055504  863447 1139638]
721,[1126899  878775 1117556  930918 7168286]
722,[1106523 1126899 1098844  916122  925854]
723,[1071343 1104481  999104  916487 1070820]
724,[1126899 6602697 1022254  958027  857503]
725,[ 899624 5568378 1106523  879504  893018]
726,[8358383  880427  995965 1022254  852600]
727,[1106523  944534  846823  950894  885290]
728,[1029743 1106523 5569230 1037840  899624]
729,[6034857  916122  916993  917033  917816]
730,[1126899 8019954  971983 6391173  960732]
731,[1005186 1029743  986912 1070820 5569230]
732,[1126899  976199 5569374 1070820 1038684]
733,[5569471 7443137 1082185  885697 1029743]
734,[6391381 1029743 1106523  970160 1055504]
735,[1106523 1082185 1072523 1043663  851066]
736,[ 951590 1029743  955921  841236 1070820]
737,[1106523  976199  854852 1081177 1098248]
740,[ 878996 6034857 1097909  976199 1139638]
741,[  899624   976199   916122   844179 12810391]
742,[1106523 5569230  965766  938165 1037840]
743,[1106523 1121808 1029743  857130 1044078]
744,[1082185 1070820 6034857  976199  916993]
745,[ 933835 1131634  901062 1026118 1076187]
747,[5569230 1063207 1005186 1021715 1037332]
750,[1044078 5568378 1106523 1110244 8090537]
751,[1037840  990869  908843  864335 1029685]
752,[1098844  986912 1106523 1075368  916122]
753,[1126899 1029743 1075368 1070820 1005186]
754,[1126899 1016785  901062  969403  841584]
755,[12782182  1137775 12781829  1100972  1049735]
756,[ 1037840  5568378   916122   883003 12301839]
757,[5569230 5569471 9884698  989409 1058243]
758,[8020205  916990 9677939  880469 6904459]
759,[1005186 6391381  906844  986912 1091365]
761,[1029743 1106523 5569230  976199 5568378]
762,[1005186 1091365  986912 1070820  916122]
764,[1029743  965766  878996 1106523 7409618]
765,[1106523 1050851 1075368  949965  893018]
766,[1098844 1070820  901062 1126899  848319]
767,[1070820 1102067 1004906  983584 1104349]
768,[1029743  913210  834117 9526572  845208]
769,[1106523 1029743  999858 5569230 1126899]
770,[ 986912 1029743 5569230 1075368  940947]
771,[ 916122 6034857  976199  933835 1081177]
772,[892573 893651 894439 894447 895166]
773,[  909714   916122 13505572  1092588   938300]
774,[1029743  844179  839419 1044078  969568]
776,[1082185 1029743  907631 1106523 5568378]
777,[ 1070820 12781829  1126899   863447  1028891]
779,[ 976199  916122 5569230 1009187  848319]
780,[1026118  899624  916122 1112205 1098844]
781,[  910673 12946027  1092303   906625  1022254]
782,[1106523  962229 1029743 5568378 5569327]
784,[5569230 1139782 5569471 1102250  983584]
785,[1126899 1037332 6533681 5568249 6602697]
786,[5569230  972665 1106523  989069  878715]
787,[1079528  999104  934399 5569230  857538]
788,[6533765 1044078 1106523  899624 1029743]
789,[ 922561  976199  883003 1101010 1137771]
790,[7410320 1100273 6704207 6552254 7409944]
792,[ 976199  986912 1055168 1024306  894439]
793,[1029743 1106523 8090565  947201 8090545]
794,[1126899 1029743  916993  865026 1051211]
795,[1029743 1044078  899624  910032  913210]
796,[ 846823  969866 1022254  901062  890269]
797,[1029743  979707 1048257 5569471  901062]
798,[ 1126899  6534030  9655679 13841744  1091365]
799,[1126899 5569471 1056509 5569845 1114653]
800,[  860703  1029743  6391086   995965 12731436]
801,[1029743 1082185 1126899  976199  909497]
802,[1106523  983584 5569230 1005186 1134483]
803,[ 969866 5569230  843259  956486  965766]
804,[1029743 1101010 1013928 5569230  933835]
805,[1029743  916122  899624  949023 5568378]
806,[1082185 1029743 5590613 5572308 5569471]
807,[1029743 1126899 6034857  965530 6533911]
808,[1029743 1016800 1005186  986912  963835]
809,[1005186  961979 1029743 1070820 1063207]
811,[1029743  916122 1044078  893018  899624]
812,[1029743 5568378  965766 1021116 1135468]
813,[ 845208  834117  866211 6034857 1101010]
814,[ 916122  825365  907631 6034857  971922]
816,[1075368 5569230 1029743  916122 5569471]
817,[1082185 1070820 1060673 1125530 1121384]
818,[1029743  819927 6602697 5569471  901062]
820,[1106523 9884698 8090509 1029743 1037840]
822,[ 1005186   940947  1029743 12301109   933067]
823,[1106523  899624 5569230  986912 6534480]
824,[1106523 1068719 1004906 1086061 1091365]
825,[1082185  979707  867469 1098844 1126899]
826,[1037840  961620 6533765 1030093  986869]
829,[ 1082185  1120839  1132771   882604 15926886]
831,[ 951590  916122 1005186  844179 5568378]
832,[1126899 1029743 1106523 5569230 1134483]
836,[13381584  1126899   916993   990869  1005186]
838,[1106523  844179 1044078  903529 6533765]
839,[1029743 5570383 1082212 1070538 1019643]
840,[1029743  916122  965766 1138443 1068719]
841,[1065259 1106523 1044078  916122 1135468]
842,[1029743 9245108  916122 5569327 5568378]
843,[1029743 1106523  899624 1026118 5569230]
844,[1026118  854852 1003616  848319  986912]
845,[8090537 1126899 8090533  825994 1118479]
846,[1029743  890695 1075368 5569845 1004906]
847,[1005274  901062 1041796  963835 1001827]
849,[ 979707 1026118 1126899  976199  925862]
850,[1106523 1005186 1004906 1128244  986912]
851,[ 986912 1012587 1131438  895311 6395907]
852,[1126899 1070820 1106523  901062 1024306]
853,[  871722   951412   961979   970202 13071902]
854,[5568378  899624 1005186 1123842 5569327]
855,[1029743  916993 1005186  986912 5569230]
856,[ 1068719  1022254 12946027   944534   928749]
857,[1040807 5569230  883932 1084310  922561]
858,[1070820 5569230  866211  899624 1128016]
859,[ 951590 1075368 1029743 5569230 5569471]
860,[1106523 1029743  866211 1053282  965766]
861,[1082185 1106523 1026118 1072523  986912]
862,[1029743 1068719 1044078  832678  864335]
863,[1005186  916122  863447 1029743 1037337]
864,[1029743 1101010  899624 8090521  916122]
865,[1106523  899624  844179 1075368 5569230]
866,[1106523 1082185  899624 1044078  844179]
867,[1075368  983584 5569230 1098844 1106523]
868,[1029743 1070820  916993  834117 9884484]
869,[1044078 5592931  949023  895680 5585510]
871,[ 878996 1029743  983584  913210 5569230]
873,[1029743 5565612 1043663  896958 1065979]
875,[ 971983 1126899  947875  835296  836085]
876,[1126899  916122 1003649 1138854 1122358]
877,[1126899  989683  924864 1055504 1070820]
878,[ 1106523   947798   907631  5568378 15926886]
879,[1101010 5569471 5569374 5569230 1000925]
880,[ 951590  866211  910673 1106271 8090513]
881,[1029743 9884698  890695 5592931  916122]
882,[1106523  899624 1029743 1137775  844179]
883,[1082185 1029743  916122 1022254  845208]
884,[1106523  986912 1029743 1015539  899624]
885,[1082185 1106523 1006483 5568378 5587656]
886,[1070820 1029743 1126899 1106523 1013928]
887,[1005186 1110843 5569230  916122  866211]
888,[1029743  916122  901062 1070820  951590]
889,[1126899  916993 5569471  983316 8090532]
891,[ 1106523   866211 15926886   951190   834117]
893,[ 1106523 15972565  5590613   895295   872137]
894,[1106523 1029743 6034857  901062  854852]
895,[  866211  7024847   999104   868888 12262832]
896,[1126899 1101010  819978  913210 1070820]
897,[1070820 1029743 5569374 1101010 1079528]
898,[ 848319 1011926  845208 1092303  859427]
899,[1106523 1029743  844179  919534 1044078]
900,[ 972418  986912 5569230  976199 6979579]
901,[ 1106523  1029743   899624   955921 12301839]
903,[1070820 1126899 1005274 6034857 1029743]
904,[1106523  891505  836445 1044078  842698]
905,[976199 854852 916122 860248 909714]
906,[ 860703 1048237 6979248 1137507  970202]
907,[ 986912 1092588 1106523  961979  916122]
908,[ 916122 1104343 1022254 1106523 1070820]
909,[1082185  976199 1029743 1068719  983584]
910,[ 940947 1005186 5582712  986912 1063207]
911,[ 979707  848319 1092303 1126899 1055425]
913,[10344585  1134810  1070820   859154   834117]
914,[1029743  986912  979707 1005186  883932]
915,[1068719  880150  845208 1116635 1004906]
916,[ 901557  824193  916122 1029743  913210]
919,[1029743 1106523 1081177 6391173  983584]
920,[1106523 1082185 1097001  999779 1058709]
922,[ 1126899   850768   870428   979707 12384779]
923,[1082185 1029743  863447 1106523 1004906]
924,[1029743 1116020 6534035  849505 1075470]
925,[1126899 1081177  944836 6034857  839656]
926,[1101706 1138443  916122 1031253  901062]
927,[ 986912 1126899  916122  976199 5569374]
928,[1005186 5565802 1006063 1029743  986912]
929,[1070820 1044078  986912 1068292  890695]
931,[1029743 1126899  913210  933835 1040807]
932,[1106523 1029743  899624 5569230 1135476]
933,[1106523 1029743 1044078  983584 5568378]
934,[1029743 1106523  899624  933835 1004906]
935,[1126899  986912  997987  913210 1132771]
936,[1106523 1029743  899624  983584 5569230]
937,[1126899 1134810 6034857  995965 1021116]
938,[1075368  940947  866211 8090537  911311]
939,[1029743  896085 1106523 1102416 1044078]
940,[ 1019637  1074040 10456164   975649  1030093]
941,[1005186 9677236  874750 1063207  916122]
942,[1015539 1019637 1029743  916122 1135468]
943,[1106523 6533765 1044078  899624 5569230]
944,[1101010 1082185 1029743 1070820  866211]
945,[1082185 1029743  879504  839656  946839]
946,[1082185 1005186 1004906 1093413 1068719]
947,[  895930   865026 12731544  1044078   944534]
949,[1029743 8090521 8090537  933835 5568378]
951,[1029743  823704 5569230  940947  844179]
952,[ 1029743  1075368 10285335  8090521   940947]
953,[1029743  877310 1007414  999104 5569135]
954,[819978 823704 823721 823775 823990]
955,[6533765  911974  860703 1106523 5568378]
956,[ 986912 1029743 1070820 1104349  899624]
957,[1005186 1032703  965009  943522 6533765]
959,[ 1106523  1029272 13654702   899624 10455984]
960,[6979437 1070820  925350  857538 1030406]
961,[1082185 1029743 1070820 1005186  916122]
962,[ 854754  848319 1005274 1003616  878996]
964,[1106523 1029743 8090537 8090521 1037840]
965,[1106523 6904613 1044078 5569230  999779]
966,[1029743 1012587 1011457 1042438 1074754]
968,[1029743  916122  983584 1044078 5569327]
970,[1103808 1039672 5568378  940947 1063577]
971,[1075368 1029743 6602697  933835 5569471]
972,[ 6632283   832678 13008334   982790  6533765]
973,[ 1000542  8118764 13417954   921406 12696089]
974,[ 1082185  1029743 15926886  1106523   899624]
975,[ 5569471  5569327  1098248 13381584   995965]
976,[1082185 1029743 1070820  878996 1005186]
977,[1070820 1005186  834117  913210 1068719]
978,[1106523 1070820  916122  844179  940947]
979,[1082185 1029743 8066803  888586  878996]
980,[1106523  845914 1039578 1037863 1136755]
981,[1092937 7146026  871722  866211  940947]
982,[1029743  951590 1082185 1075368 5569230]
983,[1029743 1075368 8090521 5569230 1044078]
984,[1106523 1029743  898448  995628 5569471]
985,[1029743  916122 1098844  899624  863447]
986,[1116635 8090440 1029743  916122 1097849]
987,[1070820 1137775 1065538  916122 1106523]
988,[1070820 9420067 1044188 1106523 1116005]
989,[1029743  916122 1106523  899624 1044078]
992,[1063207  913210  898466 5567194 1128938]
993,[1005186 1101010  916993 5569471 8293439]
994,[1029743 1068719  844179 8090521  893018]
996,[1005186  953539  835098  948670  922561]
998,[1082185  899624 1106523 6533765 5568378]
999,[1029743 1005186  983584 5569230 1106523]
1000,[  986912 12427353   854852   896085   863632]
1001,[ 1135834   997987  8090570 12301109   893018]
1002,[5981267  878636 1050851 1051211 5569471]
1004,[1029743 1054262  995628  961620 1043730]
1005,[ 1044078 12301100  1108168   954102  1132231]
1006,[5569471 5569230  844179 5569845  916122]
1007,[1029743  834117 5569327 1044078 1004906]
1008,[  910473  5569230   835098 12301100 13115501]
1010,[1076954 1070820  953539  971922 1008675]
1011,[ 916122  944836 1029743 1126899 1070820]
1014,[1029743  878996 1068719 6533765  976199]
1015,[ 916993 6602697  947412 1037332 1125943]
1016,[1126899  916122 6602697 6533911  951412]
1017,[ 1029743  1116770  8090537   844179 10198378]
1018,[1070820 1075368 8090521  944139 5569230]
1019,[1106523 1026118  819840 5567325  863447]
1020,[1029743 1070820  965766 1004906  899624]
1021,[ 1029743  1070820 10344585   866211   838186]
1023,[1062002  923169  963835 1044259 1019643]
1024,[ 933835 1106523  874972 1008288 1070702]
1025,[1106523 1029743 1044078 5568378 8090537]
1027,[ 899624 1126899 1101010  922561 1132771]
1029,[ 885290 1126899 1022254  878996 1040807]
1030,[1135834  940947 1070820 1101010 9333437]
1032,[15831255   982393  6463752   906026  7442056]
1033,[1082185 1029743  979707 5569471  916122]
1034,[1126899 1081177  961979  934639 1003616]
1036,[1106523 1082212 6602697  823576  857130]
1037,[1036262  933102  916122  940947  891961]
1039,[1029743  972665 1016709 1040807 5569230]
1040,[ 1075368  1126899   916122 10344585 13072944]
1041,[1106523 1029743 1044078 1127470  999779]
1042,[ 916122 1044078 1121384  951412 5569471]
1045,[1029743  985893 1005186 1044078 5568378]
1046,[1126899 6034857 1005186 1110843  888104]
1047,[1029743  844179  899624 1056847 1044078]
1048,[1101010 1042571  916993  859427 5569374]
1049,[1029743 1005186 1000753  913210  844179]
1050,[1106523  899624 1044078 1004906  965766]
1051,[ 951590 1029743 6534578  865026  921504]
1053,[  979707  1005186   916993  1062002 12731544]
1054,[1029743 8090537  916122 7443137 8090532]
1055,[1029743  986912  883202 6533936 1106523]
1056,[1106523 1038663 1127758 1075765 1025611]
1057,[1005186 1079528  916990 1117219  892531]
1058,[5568378 1106523 1044078  883003 1029743]
1060,[ 840227 5568378  933835 1029743 1137775]
1061,[1106523  875089  943522  965009  899624]
1062,[1029743  957736  844179 1005186 5569327]
1064,[1070820  976199  901062 1138443 1004906]
1065,[ 1041796  1029743  1056509 12810393  1132771]
1066,[ 944534  883932 1016800  835098  899624]
1067,[1082185 1029743 1126899 1075368 5569471]
1068,[1025611 1106523  999779 1029743  986912]
1069,[1029743 1082185 9419888  923314 9420181]
1070,[1029743  983584 6533936 8090560 8293439]
1071,[1029743 1005186  986912 5569471 5569230]
1072,[ 1005186   937791  1106523 10149656 12949590]
1073,[ 916122  965766 1126899  873627 1121384]
1074,[ 1029743 10344585  1092937   965766  5569230]
1075,[1106523 1029743  999270  986912 6533765]
1076,[1075368  948381 8090521 1106523 8090537]
1077,[951590 891632 879504 972665 883932]
1078,[1082185 1126899 1106523 1098844 1026118]
1079,[1106523  828106 1070702 6533765 1084036]
1080,[1106523 1029743  899624 1044078 1068719]
1081,[1106523  916122  899624 1024319  845208]
1082,[1106523  988202  863447 1072706  947798]
1083,[ 908843 1029743  864335 1106523 6533765]
1084,[ 951590  956486 1106523  934639  847241]
1085,[1106523 1029743  844179  913210  916122]
1086,[ 916122  963835 1138443  854852  883003]
1088,[ 997011 1068719  965766 1106523 1044078]
1089,[1029743  947798  999779 1108168 1138292]
1091,[1029743  965766 5569230  879504 1139142]
1092,[5569230 1083787 1041531  983584 1098284]
1093,[ 1082185  1029743  1106523   962229 15926886]
1094,[1029743 5568378  976199  933835 8090521]
1095,[5569471  854852  944836  866211  951412]
1096,[1026118 6773232  854852 1106523 1022254]
1097,[1106523  878996 1026118 8090440  866211]
1098,[1029743 1135468 5585510 1102416  901062]
1099,[5569471 8090532 5568378  933835 8090521]
1100,[ 6533765 12808385  1034176   870315   849202]
1101,[5568378 5569230 5569374  865456  870315]
1102,[1029743 1044078 1086483 1005186  986912]
1103,[1126899  862535 1075175 1029743 1136719]
1104,[5571261  986912 1114605  901460 1040812]
1105,[5569230  957736  970747  890620  924165]
1106,[ 1129049   841236 12757316  1044078   976199]
1107,[1082185  965766 1126899  857503  849090]
1109,[1070820  836085 1029743  899624 1115576]
1110,[1775642 1070820 1031316  916122 1008288]
1111,[1082185 1106523 1029743  854852  819840]
1112,[1075368 1082185 1010681  990688  836286]
1113,[1126899  916122 1029743  845208  909714]
1114,[1029743  937791 8090521 1051211 1044078]
1116,[1106523 1029743 1126899 8090521  824193]
1117,[1106523 1029743 5569230 1081177 1068719]
1119,[1029743  901460 8090521  844179 6463710]
1121,[1070820 1092937 1029743  962229  872137]
1123,[1126899  857176 5568378 5569230  986912]
1125,[1106523  854852 1068719 1093413 1055504]
1126,[1126899 1082185 1080472 1047619  826666]
1127,[1029743  896085 5569471  916993  883932]
1128,[1044188 1106523 5592931 1029743  921406]
1129,[1126899 1029743 1070820 5569230 1037332]
1130,[12731544  1037863  1088771  1044078   943522]
1131,[1029743  982469 1075368  864893  992730]
1133,[1029743 1106523 1098844  986912  878996]
1134,[1070820  916122 6034857  901062  948670]
1135,[1029743  893018 1044078 1001827  854405]
1136,[1106523 5569230 1029743  999779  907631]
1137,[ 935527  924667  885290  914318 1068719]
1138,[ 1015539  1097398   941515  1106523 15926886]
1140,[ 1029743   852235   916122 15972565   925862]
1141,[ 1029743  1044078   983584 15926886  1056509]
1142,[1067695  878715  916122 1108094 6034857]
1143,[1070820 5569230  983584 5569845  865456]
1145,[1029743 1044078 1106523 1005186 5568378]
1146,[1106523 1029743 1044078 1004906  846823]
1147,[1106523 1016800 1134810  883932 6034857]
1148,[1106523 1026118  880150 1006664 1068292]
1149,[1026118 1106523  986912 1091365 1041796]
1151,[1122358 1106523 6602697  962266 6533765]
1152,[1029743 5569471 1005186  986912  983584]
1154,[1106523 1000148  835296  842698 1001333]
1155,[1106523  878996  893018  917033 1029743]
1156,[15926886   916993  1022254  1110843  1075470]
1157,[1070820  939681 1069506  916122  933835]
1158,[1074040 1049735 1019637 1106523 8357825]
1159,[1082185 8090532  989683 1068719  842698]
1160,[1106523 1068719 1044078 1004906 5568378]
1163,[1029743 1056509  899624  839419 6039859]
1164,[1070820 1005186  893676 1098892  901062]
1165,[5569230  944139 5569471 9884698  933835]
1166,[1029743  899624  854405 5566800 1068719]
1167,[1082185 1070820 1082212 1062002 1098844]
1168,[1019637  983584 1106523 1114653  916993]
1169,[1106523  846823  883003 1022254 1138443]
1170,[1029743  964521  935393 1034176  942525]
1172,[ 963686 1029743 1122358 1082185  976199]
1173,[1029743 1070820 1068719 5569230 6533765]
1174,[1106523 1068719 1005186  950894  986912]
1175,[8066803 1045710 1098844  963365  916122]
1177,[ 934639 1026118 1125278  854852  895166]
1178,[1104343  916122 6464165 1004906  985889]
1179,[  962229  1101010 15926886  5568378   933835]
1180,[1029743 5590613 1038985  965766  846823]
1181,[1029743 1106523 5569230  899624 1068719]
1182,[1106523 1044078  899624 1029743 5592931]
1185,[1106523  895930  899624  844179 1083787]
1186,[1098844 1070820 1126899 6034857  878996]
1187,[1106523 1025611  910673 1068719 1044078]
1188,[1005186 1106523 1135468  883202  864335]
1189,[1106523 1082185  819840 1026118 1068292]
1190,[1029743 1037840 1116635 8090521 5568378]
1191,[ 951590 5569230  965766 1004906  968992]
1192,[1068719 1101932  844179 1109948  961021]
1193,[1106523 1013928 1134006 1075470 5569230]
1194,[1106523 1044078 1005186 1004906  986912]
1195,[ 1075368  1029743 12781829  1091090  7155863]
1196,[1070820  857503  901062  878996  866211]
1197,[1029743 1005186 8090521 1132771  979707]
1198,[  915064  1098844 15926886  6034857  1092588]
1201,[1056509 1029743 5569230 8090537  866548]
1202,[9925966  836085 8293447  845208  880234]
1203,[1106523  951590  910673 1044078  916122]
1204,[1029743 1106523 1097001 1005186 1044078]
1205,[1029743 5569230 5592931 5571176  893018]
1206,[1029743 1106523  900802 1044078 1037863]
1207,[13115501  1037840  5569374  1075368  5568489]
1208,[1106523 1044078 1114653  899624  866211]
1209,[ 986912  953539  837908 6391173  938319]
1211,[ 972143  918598  836445 9396705 1121720]
1213,[1075470 1004906 1121384  883932 1075175]
1215,[1126899 1027849  866211 5569327  880427]
1216,[5569230 1005186 5569471  979707  831063]
1217,[1029743 1075368  916122 1004906 1037840]
1218,[1070820  901062  916122 1005186 1126899]
1219,[1128016 1004906  844179 1022254  834117]
1221,[1029743 1055504 1098844  916993  987006]
1222,[1106523 5569230 1091090  933835  916122]
1223,[1029743 1106523 5569230 5568378 8090521]
1224,[1029743 1068719 1000050 1005186  920191]
1225,[1029743 1106523 5565392 5565612 1070820]
1226,[1082185 5568378 1070820  913210 1106523]
1227,[5568378 1070702  862070  973916 1136524]
1228,[1005186 1022254 1106523  878996 1068719]
1229,[ 979707 1070820 6034857  854852  916122]
1231,[1082185 1029743 1070820  916993 8090541]
1234,[ 844179 1043837  901062 8090556 1005186]
1235,[1070820 5569230 6034857 1126899 1014948]
1236,[1037840 5569230 1106523 8090521  962229]
1238,[ 951590  979707 1029743  976199  872137]
1239,[ 940947 1106523 5582712 1103105  893018]
1240,[ 913210 1126899 1070820  916122 6034857]
1241,[1075368 1029743 1037840 1106523  969568]
1242,[1070820 1004906  844179 1024319  883003]
1244,[1106523  834117 1068719 1125123  934172]
1245,[1058185 1112766  896974  969866 1034956]
1246,[1126899 1029743 1108094 1070820 9655676]
1247,[1029743  951590 1126899  921504  916122]
1248,[1106523  951590 1082185  925862  888054]
1250,[ 971922 1138443  999858 1043751  910032]
1251,[ 901067 1029743  899565  960613 1012688]
1252,[ 916122 7169090  961979 1104483  892531]
1254,[1126899 1029743 1022254  854852  916122]
1255,[1106523 1138292  891505 7152455  856252]
1256,[ 979707 1000542 1005186  854852 1022254]
1258,[ 5569471 12946027   883932  6034857  1051211]
1259,[ 916993 6533608 1037332  986912 8177622]
1260,[ 949257  867469 1098248  979452  999104]
1261,[9526448  986912 1070820 9526572 1068291]
1263,[1029743  986912 6602697  866211  854852]
1264,[1029743 1106523  972418 1070820  899624]
1265,[1082185  879504 1029743 5569230 5568378]
1266,[  899624   863447 12810391   916122   965766]
1267,[1005186  916122 1098844 1112238 1110843]
1268,[1082990 1070820  940947 1029743 1110244]
1269,[1082185 1070820 1029743  899624 1044078]
1270,[1106523 1082185 1026118  951590  845208]
1271,[1029743  951590  878996  947412 1070820]
1272,[ 916122  837969  974766 9338009 1005186]
1273,[ 854852  866211  841236  844179 1038745]
1274,[ 951590 8090537 1070820 1005186 5568378]
1276,[ 835098 1026118 1081177 6533765  956486]
1277,[1106523 1006483  916122 8090521 1137346]
1278,[1106523 1029743 5569230  883003  971922]
1279,[ 951590 1106523  965766 1004906 6533765]
1280,[1056509 6534030 6534077 6534480 6548453]
1281,[1131344 1004906  933835  901976  988697]
1282,[1106523 1044078  944534 1068719  899624]
1284,[15926886  1044078   899624   999779   893018]
1285,[1106523 5569230  916122 1035676 1128240]
1287,[ 965766  854852 1041796  872137 1042438]
1288,[ 897954 1081177 1106523 6039859  916122]
1289,[ 1029743  5569230 10344585   884756  1106523]
1290,[1005186  893018  835098  961021  831628]
1291,[1106523 1044078  976199 1081177  999858]
1292,[1087411  935993  863447 1128244 1081177]
1293,[1044078  944534 1106523 1004906  844179]
1294,[1126899  916122  976199 1070820  913210]
1295,[1029743 1072523  893018  844179 8090521]
1296,[1005186  982790  935578 7467039  880150]
1297,[1082185 1026118 1106523 1126899  870515]
1298,[ 1029743  1004906   899624  5569327 15717057]
1299,[1029743  916122 8090521 1070820 1106523]
1300,[1106523 1070820 1126899 1055504 1029743]
1302,[1029743  998119 1044078 6034857 1121384]
1303,[1029743  976199  986912 9884698 1091365]
1304,[1029743 1106523 1118623 1005186  871611]
1305,[1106523 5569230  983659  983584 1029743]
1306,[  951590  1068719  1029743  7166861 12301839]
1307,[ 1005186  1063207   854852 13654702   873550]
1312,[1029743 5569230 1126899  919534 5568378]
1313,[1029743  965766 1075470  899624 1044078]
1314,[ 1029743  1102416   976199   963971 13073175]
1316,[1029743 1070820 5568378 1002771  982790]
1317,[1029743 5568378 1005186 5568489 1110843]
1318,[ 925862  849466  963835  852235 1005186]
1319,[ 916122 1029743 5569471  844179 5569230]
1320,[12731432  1029743  1006184   871756  1033973]
1321,[ 1106523  1075470 12810393   899624   893018]
1324,[1029743 1126899 1070820 6034857 1106523]
1325,[1098844 6602697 1044759  951412 6602327]
1326,[1029743 6533765 1044078  899624 5568378]
1328,[ 951590  875089 1029743  922561 1083787]
1329,[9526628  986912 1005186  866211  916993]
1330,[5569230 1106523 1101010  856252  880888]
1331,[ 963686 1029743 1106523 1041796 1048373]
1332,[1005186 1063207  866211  986912 1062128]
1333,[ 1126899  1053988   888586 12731436  1022097]
1334,[1054185 8090537 1044078  907631  974177]
1335,[ 1010681 12782182  5569471   836286   851146]
1336,[ 916122 1029743  979707  883003 1082185]
1337,[ 983584 1029743  923670  976199  962229]
1338,[1106523  842392  989069 1044078  899624]
1340,[ 951412  916122 1004436  948381  871611]
1341,[ 1044078  1098844   906838  1009368 10198378]
1342,[ 986912  898363 1024306 1102845 1046816]
1345,[1029743 5569230  865026 6533936 5569471]
1346,[ 837569 1108894 1129982 1022527 1070538]
1347,[1029743 1037840 1031864  849202 1044078]
1350,[1106523 1029743  965766  899624  832678]
1351,[1029743 1106523 1048373 1038985  819978]
1352,[ 1004906   840227   976199   872137 10149640]
1353,[1029743 6533765 1004906 1050851 1068719]
1354,[ 1005186 15926886   878996   866211   879504]
1356,[1070820 5569230 1102829  890695 8019562]
1357,[ 866548 5569471 5569230 1070820 8090521]
1358,[1029743 5569230 8090521 5568378 1106523]
1360,[1087411 1076954 9884698 1089986 5996054]
1361,[1131634 6034857  933835  866211 1092937]
1362,[ 921406 7169088  878996 1097350 1085435]
1364,[1005186 1029743 1070820  986912  854852]
1366,[5566800 1101010  901062 1126899  922561]
1367,[1070820 1126899 5569230 1116635  979707]
1368,[ 951590 1070820  916122 1029743  944137]
1369,[1126899  916122 1011926  985889  867138]
1370,[1106523  899624  844179 1001333  878996]
1372,[1106523  951590 5569230 1102067 1100273]
1373,[5569230  913210 5569471 1071446 1117219]
1374,[1106523 1004906  944534  871611  961979]
1375,[1082185 1029743 6034857 1104343  916122]
1376,[1029743 1135834 1022254  990797 1004906]
1378,[9653535 1097001 1062002  944836 6552318]
1379,[1029743  962229  899624  916122 1044188]
1382,[1029743  834117 8090532 5569230 5570383]
1383,[12781829  8293447  9655242 13190349   878715]
1384,[1004906 1029743  844179  999270 1044078]
1385,[1106523 1029743 1131344 1122358 1022254]
1386,[1005186  986912 1091365 1110843  961979]
1387,[ 944534  854133  878996 1068504  844179]
1388,[1022066 1027168  990797 5570383 1005186]
1389,[ 1098844 15596112  1053628  1123045   854852]
1390,[1029743 5569230  844179 1005186  995628]
1391,[1004906  965772  872137  970866 6034857]
1392,[1070820 5569471 1068719  961021 1006264]
1393,[ 1126899   901062  6034857 12810393 12757544]
1394,[1070820  940947  870559 1125601 1101437]
1395,[1126899  906844  951590 1139782  983584]
1397,[1106523  944534  832678 1085983 1068719]
1398,[ 986912 5569471  844179  999779  916993]
1399,[6034857 1029743 1093571 1005274 1116741]
1401,[1044078 1126899  916122  844179 1043663]
1402,[1106523 1104343  976199  969866 1004906]
1403,[5569230 1070820 1075368 1052294  965766]
1404,[1029743 1138443 5569230  965766 1050851]
1405,[1029743 1106523  893018 5569471  871563]
1406,[1029743 1082185 1106523  933835  899624]
1407,[1029743 1126899  866211  865511 1002735]
1408,[ 1029743 15452705  1032703  1106523  8090956]
1409,[ 942565 1021324 1004906 5569230  913210]
1410,[1029743 1106523 1031316  976199  865456]
1412,[ 1029743  1024319   885290   965766 15972298]
1413,[1051323  892531 1129266  824931 1072968]
1414,[1126899  968992 1053530  851287 1118235]
1415,[ 902640 1009368  830686  852080  874972]
1417,[  913210  1106523 10198378   844179  1044078]
1418,[ 1070820  1029743   976199  1098844 15926886]
1419,[1019637 1114653 5568378 1074040  895680]
1420,[1029743 1005186  965766  845208  899624]
1421,[1029743 5569230  844179 1044078  899624]
1423,[ 1082185  5981267 13008334   837495 13007435]
1424,[1029743 1024306 1082212 6034857  883932]
1425,[1101010 1029743 8090537  844179 1040807]
1426,[1029743 8090537 1082990  919534 1106523]
1427,[1005186 1029743 1046587 1110843 1075175]
1428,[1029743  913210 1106523 8090537 5569230]
1429,[1003524  948670  935993 5591939  898363]
1430,[1029743 1126899 1091342 5569230 6034857]
1431,[ 916122 5569230 1029743 1021324 1060292]
1433,[  899624   849202  1121393 15831255  1105301]
1434,[1075368 5569230  979707 1004436 1106523]
1437,[1029743 5569230 1044078 1081177  844179]
1438,[1082185 1026118  888586  948495 1098844]
1439,[ 986912  933835 1004906 9884698  819978]
1440,[1106523 1029743  916122 1044078  899624]
1443,[ 906844 1063907  942077 1057168  819927]
1445,[1029743  916122 1070820 5569230  921438]
1446,[1004906 1006184  972931  937292 1068719]
1447,[1029743 6391137  913210  958067 1128016]
1448,[1029743 1101010 1012922 9707240 9677200]
1450,[ 979707 1005186  845208 1029743  899624]
1451,[1082185 1070820 1029743 1098844 1138487]
1452,[1106523 1013928 1029743 1091365 1005186]
1453,[1005186  979707 6034857 1092588 1117393]
1454,[1082185 1029743  979707 6034857 5569374]
1457,[1106523 1044078  910673  899624 5592931]
1458,[ 962266 1004906  916122  976199  845208]
1459,[ 844179  857130  948832 1044078 5569230]
1460,[1106523  896085  832526  866211  916993]
1461,[1029743 1082185  844179 6533765  979707]
1462,[ 916122 1062002  890695  997423 1005186]
1463,[ 986912 1005186 8090560 1037337 1106523]
1465,[ 921406 1075368  976199  916122  901062]
1466,[1126899 1029743  916122 5569230 5569327]
1467,[1005186  986912 1063207 1070820 1029743]
1470,[1029743 1063739 1070820 5590613  951590]
1471,[ 913210 1091365  852856  845307 1135578]
1473,[1126899 1104343 1098844 5568729  909714]
1474,[1106523 1037840 5568378  844179 5569230]
1475,[1070820  916122 1056509  963971  933835]
1476,[ 840227 9831557  907099 1046816  823099]
1477,[ 986912  940947  961979 1110843 1061402]
1479,[1029743  977374  932462 1106523 5568378]
1481,[ 965766 1029743  834158  885290 8090537]
1483,[5569230 1029743 5569471 1070820 1082185]
1484,[1004906 1098844  916122  845208  995628]
1485,[1106523  878715 1029743 5569230 1075368]
1486,[1126899  878715 1038985  893018 5568378]
1487,[1075368 1029743  940947 5569230 8090509]
1488,[1126899 5569471 5569230  979674 1029743]
1489,[1029743  983584 5569230  849202  856252]
1490,[ 916122 9297062  863447  874972 1068292]
1491,[1106523  951590 1029743  965766  981677]
1492,[1029743 1044078 1098248  999779 1122358]
1493,[1106523 8090521 5569230  971922 1132771]
1494,[1082185 1068719 1004906 1104349 1044078]
1495,[ 1068719  1038745 12731621   969866   986912]
1496,[ 1029743  1106523  1041796 12301839   913210]
1498,[ 989683 5569471  959455  862725 1019643]
1499,[14106445   963365 13417139   933835  1018822]
1500,[6533765 1044078 1122358  916122 1091090]
1501,[1082185 1070820 1098844 1092303  901062]
1502,[1070820 6904613 9338009 7168759  942278]
1503,[5585510 1116050 9653714 1123106  820347]
1505,[ 997025 1034956 1004906 8019755  922561]
1506,[ 1044078  1004906 12301100  1106523   844179]
1507,[ 1106523  1122358 13841744  1043751   899624]
1508,[1126899 1122358 6034857  933835  871722]
1509,[1029743 1005186  926905 1016800  903800]
1510,[1005186  986912  951590 6533765 5569230]
1511,[1106523 5569230 1029743  907631 8090521]
1512,[1029743 1005186 1106523  983584 5569374]
1513,[1029743 1137346 1044078  940947 1050851]
1514,[1126899  956672  995965  906335 1006184]
1515,[5569230 1009361 1029743 1063207  962229]
1517,[1070820 1082185  819978 5569471 1132771]
1518,[1029743 1106523  874972  913210 5585510]
1519,[1070820  916122 5569230 6034857  878715]
1520,[1029743  899624  916122  896862 1004906]
1521,[ 944534 1029743  916122  940947  919534]
1525,[1029743 1068719 1004906  845208  899624]
1526,[ 986912  864335 1135468 1038692  865026]
1527,[1082185 1029743  951590 5569230  979707]
1528,[1029743 1075368  983584 1006922  916122]
1529,[ 1106523  1069039  1125837   898847 12810393]
1530,[ 938300 1029743  999104  936830 6548453]
1531,[1126899 1037332  916122 5568378 1044078]
1532,[6534030 5569471  866488 1101010  929373]
1533,[1070820  986912  971474 1081177 1098248]
1534,[  851146   972416 13512837  1070820 15926507]
1535,[1106523 1004906 5568378  944534 1068719]
1536,[1029743 5569230 5569471 1126899 1075368]
1537,[1106523 1029743 1126899 5569230  983584]
1539,[ 824193 1007136 1006184 1013167 1012587]
1540,[5568378  838186 1106523  911311  863762]
1541,[1029743  901062  940947  849578  931579]
1542,[1029743  935993 1106523  942166  981660]
1543,[1029743 1096573 5568378 5569230 1043494]
1544,[  913210   909714 10344585  5569374   866211]
1545,[1106523 5569230  845208 8090521  871756]
1546,[6533765 1029743  965766 1068719  951590]
1547,[15972565  5569471  5569230   901062   883932]
1548,[1029743  856252  916122 1134483  907631]
1549,[ 986912 1106523 1029743  993638 1019247]
1550,[1106523 1044078 6533765  899624  908843]
1552,[1029743 1004906  944836 5569230  866211]
1555,[ 986912 1029743 1005186 1106523 1104483]
1556,[1082185 1068719  916122  948670 1041796]
1557,[1106523 1095944  845208  866211 1026118]
1558,[ 839438 1030093 1120928  944137 1091365]
1559,[1026118 1026945 1075368 1106523  901776]
1560,[1029743  916122 1021519 1022254  844179]
1563,[1126899  979707 1082185 1070820 1029743]
1564,[1044078  852235  971922 1096635  948650]
1565,[12731436 12810422 12810393 12810391 12731714]
1566,[ 943940  976199 1022254 1118623  979707]
1567,[1082185 1026118 1106523  934639  835300]
1568,[1106523  899624 1104343  916122  848319]
1569,[1029743 1106523 1044078  866211  878996]
1570,[1029743  979707  976199 5569230 1041796]
1572,[1126899 1005274 5569230 9835509  916122]
1574,[ 1056509 10198378   947798   899624   979707]
1575,[  916993  1022254   878996 10457590  1119405]
1576,[1029743 1037863 5569230 1127758 5569845]
1577,[1029743 1006483  979707 1056509  899624]
1578,[ 916122 1029743 8090537 1005186  839243]
1579,[ 916122  933835  856252 1101010  983584]
1580,[1029743  934639 1044078  946839 1005186]
1581,[1029743  916122 5569471 1138443  909714]
1583,[1114653  922847 1128812  938138 1015548]
1584,[1029743  957736 1106523 1028891  865705]
1585,[ 916122 1126899 5569471  866211 1046756]
1586,[1026118  916122 1106523  948495  986912]
1587,[1029743  899624  898867 1097001 1068291]
1588,[6034857 6602697  901062  979707  916122]
1590,[1070820  916122  965766 1026118  824977]
1591,[1070820  916993  896085  859427 1000237]
1592,[6391134 9297159 5569471 8177622 1005186]
1593,[1029743 5569230  979707 5569471  878715]
1594,[1106523 5590613 6533765 1082185 1068719]
1595,[1110042 1038985 1005186  933835  971922]
1596,[ 901776 1058404 1091090  995965 1042571]
1598,[1029743 5569230 1101010  844179  986912]
1599,[1068719  944534 1022254 1013928 1025611]
1602,[1070820 1029743 1082185 1126899  930918]
1604,[ 832678 1051211  944486  986912  910032]
1605,[1005186 8090549  986912 1091365 1007136]
1607,[5569230 5569471 8090532 8090521 6534030]
1608,[1106523  863447 1029743 1031864 1026118]
1609,[1082185  951590 1029743  979707 1070820]
1611,[1029743 1026118 1037840 8181555  934639]
1612,[1029743 1126899  901062 1070820  916122]
1613,[1029743 6534035 5569845 6534480 1044078]
1614,[1082185 6773232 1106523 6391080  979707]
1615,[1106523 1029743 1005186  916122  948670]
1617,[1106523  969866 5568378 6533765 1064574]
1618,[1006184 1022340 1070820 1138443  878996]
1619,[ 970160 1075368 6034857  867138  916122]
1620,[1106523  899624 5569230 9245106 1024051]
1621,[1106523 1029743  933835  844179 1004906]
1622,[1029743 1031864 1030577 1062002 1091901]
1623,[1106523 6533765 1068719 1044078  883932]
1624,[1082185  986912 5569230 1026118  993638]
1625,[1106523 1005186 1000753 1110843  870315]
1627,[1082185 1029743 6533765  970160  861184]
1629,[  899624  1051323 12810464  1072693   838186]
1630,[ 865026 1106523  990869 1107760 1135834]
1631,[1029743  844179  969836 1044078 8090537]
1632,[1070820 6034857  854405 1037332  916993]
1633,[1029743 1004906 1101010  916122 1040807]
1634,[1029743 1075368 5569327 1044078 5569230]
1635,[1029743  863447 1062128 1135044  919766]
1636,[948086 946995 947201 947858 948650]
1637,[1014948  978879 1053282 1126899  827999]
1638,[1004906 1126899  846823 1138443  866211]
1639,[1106523 1044078 1030093 5569327  999779]
1640,[1106523  916122  957063 5568378 1101010]
1641,[1126899  944137  854852 1125943  847573]
1642,[1106523  916122  845208 1026118 1070820]
1643,[1106523 1029743 5569327  899624  893018]
1644,[1134483 1029743 5569230 6904419 1128016]
1647,[1101822  831628  828106  829001  829291]
1648,[1082185 1106523 6533765 5569230  899624]
1649,[6391381  916122 1098844  854852 6034857]
1650,[  854852   944137  6034857  1137688 13039088]
1651,[ 6034857  1114483  1104343 13417139  1092303]
1653,[ 1029743 15926886  1044078   870843   902377]
1654,[1070820 5569471 1106523 5569230 1004906]
1656,[ 1106523  1029743   986912  1094924 12988031]
1657,[ 1106523   957063  1116635 12484608  6533765]
1658,[ 885290  841236  916122 7467039 1029743]
1659,[1029743  916122 6034857 1106523 6391173]
1660,[1029743 1106523 6533765 1044078 5569230]
1661,[1098844 1126899 1070820 1026118  824977]
1662,[1126899  916122 1104349 1098844 1070820]
1663,[1070820 1029743  919766  949242 8292955]
1664,[1044078  965530  899624 1070820 1041796]
1665,[ 986912 6602697 5568378  854852 1019247]
1666,[1029743  983584 5569230 1073120  893018]
1667,[ 986912 1029743  971922  844179  866211]
1668,[1106523 1068719  976199 1005186  835098]
1671,[1126899  901062  834117 1055504 8090537]
1672,[1029743 1106523 1044078 5592931 5569230]
1673,[1106523 1029743 6533765  899624  863762]
1676,[ 888586 1026258 1011926  907099  842698]
1677,[1029743 5568378 8090521  885290  965766]
1678,[1106523 5569230 1029743  899624 1090931]
1679,[ 929388 1005186  986912  940947 1037417]
1680,[ 916122 5569471 1126899 1100273 1004906]
1681,[1029743 1082185  982755  901776  965766]
1683,[5569471 1070820  979707 5569230 5574377]
1684,[1106523 6533765  899624 5569471 8090521]
1685,[1029743 1005274 1106523 5569230 1091365]
1686,[1005186  986912 1017325 1106523 1029743]
1687,[ 979707 1126899 1010079  901062  832678]
1688,[1029743 1106523 1044078 5569230  916122]
1689,[1029743  866548 1055168 1098284  978077]
1690,[ 951590 1106523  863447 5569230  899624]
1691,[1101010 5569230  874563  933835 1106523]
1692,[1106523 1029743 5569230  823704 1005186]
1693,[1126899  901062  916122 1083043  985999]
1694,[6533765 1005186 8090537  947798  985893]
1695,[1082185 1029743 6533765 1038985 1088910]
1697,[1029743 1044078  926905 5569230 1016800]
1698,[1029743  899624  930118  866211  907631]
1699,[ 993638 5569845 1048445 1106523  986912]
1700,[1106523 5568378  844179 1052975 8090509]
1701,[1029743 5568378 5569230 1026118 1004906]
1702,[1106523 1101010 1002771  899624  916122]
1703,[1106523 5590695 5590613  986912  965766]
1704,[1005186  870826 1007929 1063594  873324]
1705,[1044078 1004906  969866 1001277  916122]
1706,[ 860248 1101010 1082141  998270  910032]
1707,[1029743  962229  831063  834993 9677236]
1708,[ 951590 1029743 5569230  944534  865528]
1710,[1082185 1106523 1126899 1029743  916122]
1711,[1082185 1029743 1106523  933835  839419]
1712,[1126899 1029743 1068719  901062  916122]
1713,[ 851188 1060312  903602  893362 1032703]
1714,[1114653  823704 7103478  936229  992529]
1715,[1126899 1098844 1022254  976199 1098248]
1716,[1029743  940947  832678  910151 1013928]
1717,[1029743  848319  852360  899624  899682]
1718,[1106523 1070820 1029743 1037840 1005186]
1719,[1029743 1106523 1103105 1070820 5569327]
1720,[ 951590  916122  913210 1070820  909714]
1721,[1106523 1005186 1000753 1104649  999270]
1722,[1126899  916122 9194383 8293447 5565265]
1723,[ 876626  870559  922561 1106523 1098844]
1724,[1126899 1106523 1104343  878996 6034857]
1726,[1029743 1126899 1071446  866211  872137]
1728,[ 926905 1126899  823775 1029743 1034838]
1729,[1029743 1005186 1106523 1110843 5569230]
1730,[6533765 1031864 1108168 5569471 5569230]
1731,[ 1106523  1126899  1005186 12757140   858999]
1732,[1029743 1106523  979707  962266  976199]
1733,[ 894439  986912 6904613 1086740  885290]
1735,[ 951590 1082990 5569230  989824 1075368]
1737,[901062 965956 827656 824758 825343]
1738,[5569471  819978 1118033  922847  957063]
1739,[ 5568378  1106523  5569230   986912 13841744]
1740,[ 1075368 12946027  1056509  1002771  1074333]
1742,[1019637  864335  908843 1114653 1048373]
1743,[1106523 5569230 1029743 1004906  899624]
1744,[1106523  939681 1082212  916758 1114811]
1745,[1051323  988697 1106523 1038663  999779]
1746,[1106523 1029743 1051323  999779 1070820]
1747,[ 899624 1106523 6034857 1051323 1005186]
1748,[1106523 5590613  916122 1082185 5587656]
1749,[1029743  878715 1042571  934399  849066]
1750,[1082185 1029743  916122  909714  986912]
1751,[1029743 5569230 1070820 1082990  916122]
1752,[ 1044078  6533765 15926886   907631   965766]
1753,[1106523  986912 1067695  916122 5569230]
1754,[6533765 1029743 1068292 5569230 1129610]
1755,[1029743 8090521 1038985  854852 1093413]
1758,[1126899 5569230  976199 1132771 1029743]
1759,[1126899 5590613 1049735 1111986 1029743]
1760,[1029743 1038985 1082185  906838  983584]
1761,[1044078 1106523  854852  844179  863447]
1762,[1029743 1082185  983584  976199 5569230]
1763,[1106523 1037840 1082185 1075368 1118623]
1764,[1126899 1075368  901062 5569374  878996]
1765,[1029743 1070820  916122  969836 1016709]
1766,[1005186  975649  883003 8090537 1069506]
1767,[1106523 1029743 1044078  899624 1004906]
1768,[12946027  6391134   899624   999858   991874]
1769,[ 1022254  1029743 13416117  1037863   846823]
1770,[1029743  951590  960791  979707  854852]
1771,[1098844 1006586  866211  950271  878996]
1773,[ 916122 1070820 5569471  913210 6034857]
1774,[1106523 1029743  883003  965766 5568378]
1775,[1082185 1126899 1037332 1121384 1116096]
1776,[ 970160 1026118 1029743 5569230  878996]
1777,[1126899 1098844  933835  916122  835098]
1778,[ 1029743 12810393  1022254   848029  1007414]
1779,[1070820 1005186 6034857 1137775  845208]
1781,[1106523  979707 1029743  854852  878996]
1782,[ 5569230  8090521  1075368 13841744  1072523]
1783,[1029743 1126899  916122  976199 5569471]
1784,[1126899  979707  916122 1019247  998119]
1785,[1126899 1055504  976199 1070820  916122]
1786,[1029743 5568378 1109778 1110843  995876]
1788,[ 909714 1092303  979707 1062002 1022254]
1789,[1044078 1109778 1004436 1138443 8090537]
1790,[1082185 1131634  820923 5569471  834117]
1791,[  916122  5569230   910673 14106445   844179]
1792,[1075368 5569230 1106523  880888  908504]
1793,[1029743 1106523 1044078 1068719 5569230]
1794,[1106523 1029743 1005186  965766 5568378]
1795,[ 986912  916487 1125943 1070820 1101932]
1796,[1029743  965766 1106523 1037840  838186]
1797,[1112825 1022254  854852 9419198  996009]
1799,[ 1026118   998119   961979  1122358 12757544]
1800,[1126899 1070820  983584 5571261 1022254]
1801,[ 854900 5569230 1116635 1013928 9884698]
1802,[ 885290 9707010 1048068 1113274 1077745]
1803,[ 939860 1029743 6979579 1138292 1022254]
1804,[1029743 5569471 5569230  948670  901062]
1805,[1063207 1075368 1005186  880888  921438]
1806,[1029743 1126899 6602697  979707 1091365]
1807,[1029743  916122 1044078 1126899  899624]
1808,[1005186 1091090 1037840 1029743 5569230]
1809,[1082185 1029743  976199  901062 5569471]
1810,[1098284  903529 1029743  864893  878715]
1811,[1106523 1135258  901976 1044078 6533765]
1812,[1110843 1075282 1042438 1025611 1037863]
1814,[1029743  976199  899624 1014948 1004906]
1815,[1029743 5569230  976199 1026118 5569471]
1816,[1070820 1029743 1058709  894439  892573]
1817,[1005274  925862  960732 1020208  872137]
1818,[1106523 5570467 1134736 5569230 5568378]
1819,[ 6602697   936914 12946027  6034857  1005186]
1820,[1082185 1029743  979707 1126899  901062]
1821,[1106523 5568378  983584 8090521 5569230]
1823,[1082185 1070820  916122 1098844 1022254]
1824,[1106523 5569471 7168026  862010 5569230]
1826,[1106523 1029743 1072523 1044078  986912]
1827,[1029743 5568378 1068719 5591170  940947]
1829,[1029743  878996 1022254 1076954  914753]
1831,[1082185 1098248  976199  901062 1104343]
1832,[1082185 1081533 1131344 1061747 1112238]
1833,[1106523 1070820 1029743 1126899  983584]
1834,[1029743 1106523 5569230  916122  933835]
1835,[1029743 5565925 1092303 1044259  871188]
1837,[ 979707 1043338 1001656  854852  965842]
1839,[1106523 1101932 1070727  887526  991761]
1841,[ 925350  866828  999858 1022254  910964]
1842,[ 899624  986912  979707 1004906  883932]
1843,[1038985 1070820 5569230 5568378 1122358]
1845,[1126899  916122 1127831  901062  909714]
1846,[1029743 5569471 1114605  933835 1116635]
1847,[ 951590 1070820 5569230 1029743 8019649]
1848,[1005186  986912  854852 1135834  957736]
1849,[1005186 1029743 1040416 6534077 5592232]
1850,[ 916122 6034857  852235 1070820  979707]
1851,[5569471 1075368 5569230 1101010  940947]
1852,[1082185  901062  916122 1024306 1029743]
1854,[1062002  970160  843346 1098844 1046756]
1856,[1029743  986912 1070820 1075368 1126899]
1857,[1031316 1029743  935578 6533765 1040807]
1858,[ 1126899   916122 12782182  8119101  8293898]
1859,[ 1000237  6979437 12171656  1082990  1062128]
1861,[1029743 1044078 1082185 5568378  899624]
1862,[1005186 1011926  916122 6034857 5569230]
1864,[ 979707 1098844 1022254 1098248 5563693]
1865,[1005186 1098435  833724 1003616  986912]
1866,[1053282  970160  869177 1095944  941361]
1867,[ 916122 5569230 5569471 5569845  897954]
1868,[ 846823 1103808 1025611 1116089  962185]
1869,[1126899  940947 1004906  916122 1070820]
1870,[1070820  866211  914318  919534  926033]
1871,[1055425 1081177  854852  966684  944836]
1872,[ 1126899  5574358 15926507  1102416  5569186]
1873,[1106523 1029743  962229 5569230 1101010]
1874,[1029743 5569230  844179 1132771 1135834]
1875,[1037863 5569230 6534077  969866 1101010]
1877,[1029743 8090521  947798  983584  871514]
1879,[ 951590 1082185  922561 1040807  933835]
1880,[1106523 5569230 1075368 1037840 5568378]
1881,[ 852360  859154  913210  916122 1027068]
1883,[5569230 1029743 1075368 1106523  933835]
1884,[1029743  925145  883932 1093413  820301]
1885,[1008675  928932  951954 6534035  957951]
1886,[1005186 1106523  949023  836286  838186]
1887,[1126899 1070820 1098844 1004906 1081177]
1889,[1029743  891505 1104343  976199  944139]
1890,[1126899  916122 1003616 1061982 1092303]
1891,[1082185  965772 1127716 6602697 1106523]
1892,[ 899624 1044078 5568378 1106523 6533765]
1893,[ 918684 7441499  933067  933835  934399]
1894,[1029743 1106523  871514 5569230 1065538]
1895,[1129049 1106523 5569471 6034857 1126895]
1896,[1082185 1029743 1075368 1037840  854852]
1899,[ 951590 1029743 1122358  879504  883932]
1900,[1070820 1116376  872137  940947 5569471]
1901,[ 951590 1013928 1121367  919535 1025611]
1902,[ 962229 1106523 1101010  976199  866211]
1904,[1123842 1137775 1126899  896862 1044078]
1905,[1029743 1070820 1026118 1106523 1098844]
1906,[1114653  979707 1019637 1065259  916122]
1907,[1075368 1125601  848319 1104343  976199]
1909,[1068719  916122 5569230 1044078 1050851]
1911,[1070820 5568378 1044078  844179 1004906]
1912,[1029743 1106523  904105  988736 1036486]
1914,[ 894439 1077133  892573  948640 9802981]
1916,[1106523 1002787  965766 6533765 1068719]
1917,[1106523  975085 1072693  896085  878996]
1918,[1082185 1029743 1126899  906838 1104343]
1919,[1106523 1026118 1098284 5569230  853927]
1920,[1070820 1019643  833724 1079941  829323]
1921,[1029743 1056509  933835 1129049  948670]
1922,[1126899  897088 1070820 6391173 1002771]
1923,[ 901062 1098844 6034857 8090440  833724]
1924,[1029743  965772  983584 1132956 1138487]
1925,[1029743 1106523 1081177  901062 1024306]
1926,[1068719  844179  976199  916122 1026118]
1927,[1106523  951590 1029743 1044078  863447]
1928,[1070820  983584  908504 1017201 5569230]
1929,[  951590  1106523   965766   899624 12810393]
1930,[1029743 5568729 1106523 1051323 1005186]
1931,[1106523 1068719  913210  944534  844179]
1932,[1082185 1029743 1101010 5569230 5570383]
1933,[1029743 1106523 6533765 1126899 1004906]
1935,[ 1126899  1048257 15972298   999104   998519]
1936,[1029743  844179 1082185 1138443  971922]
1937,[ 986912 1070820  999104 1081177 5569230]
1938,[1029743 1126899 5569230 1075368 6533936]
1939,[1029743 5568378  926905  896085  844179]
1940,[1026118  836085  969866  971983  947875]
1941,[1106523 1044078 5592931 1037840 1050851]
1942,[1106523 5569230  839656 1005186 1037337]
1943,[1029743 7152455 1106523 7147145 7147142]
1944,[1070820 1029743  916122  878996  880427]
1945,[1070820 1029743 1006878  839419 5569374]
1946,[ 1082185  1070820  1029743 10344585   916122]
1947,[ 951590 1126899 5568378  933835 1097635]
1948,[ 916993 1126899 5592931  976199 6602590]
1949,[ 908843 1044078 1048833 5592931 1135468]
1950,[1106523  921504 1029743 5592931 1126895]
1951,[1081177  916122 1004906 8069350 1002178]
1952,[ 1029743   834117   995502  1008547 12731544]
1953,[ 993638 1004906 1050851 1081177 1026118]
1954,[1026118  934639 1106523  899624 1068292]
1955,[1082185 1063739 1106523 1004906 1007414]
1956,[1070820 1126899 5569471 8090536 5569374]
1957,[1029743 9245108 8177622 5569230  944139]
1958,[1005186 1091365  857503  899624 1026118]
1959,[1029743 5569471 9245108  819978  866548]
1960,[ 839656 1070820 1044078 5569230  916122]
1961,[1106523  982790 1126899  893018 1101010]
1962,[1056509  976199  913210 1005186 6391381]
1963,[5569471  933835  965766  916122  854405]
1964,[ 925350  986912  870428 1002771  857176]
1965,[5569230 1106523 5569471 1029743 5570383]
1966,[ 950271 1070820 1019643  916122 1104343]
1967,[1029743 1005186 1106523 1070820 9526448]
1968,[1029743 1106523 1090676 1122358 1119405]
1969,[1029743 1044078  916122 1081177 1106523]
1970,[6533765 1106523 1029743 7147145 1044078]
1971,[ 1029743  1070820 12757140   899624  1044078]
1972,[6533765 1106523 1005186 1029743 1068719]
1975,[ 951590 5574377 1108055  883003 1003487]
1976,[1082990 1019637 1106523 1075368  984575]
1977,[1123022 1026118 6533765  950206 1040416]
1979,[1029743 1106523 1026118 5569230  854852]
1980,[ 916122  935993 1029743  976199 1084310]
1981,[1126899 1106523 1038985 1070820 1122358]
1982,[1082185 1071759 1080472  856335  912451]
1983,[1029743  885290 5569471  866211  913210]
1984,[862010 863447 863885 865026 865174]
1985,[1106523 5569230  901062 1132231 1004906]
1986,[5568378 1044078 1004906 1068719 1051323]
1987,[1126899 1127758 1127831 1128016 1128240]
1988,[1106523  935578  878996 6034857 1039627]
1989,[1005186  898847  840227  916122 1101706]
1990,[ 1126899  1029743  1037332 13007846  1067749]
1993,[ 986912 1005186 1044078 1004906 6533765]
1994,[1126899 1070820 1029743 1110843 5568378]
1995,[1029743 1106523 1082185 5569230  916122]
1996,[1126899 1029743 1099446 1070820  851394]
1997,[  916122  1126899 10344585   976199  1008675]
1998,[1106523 5592931 5569230 5569471 1004436]
1999,[1029743  986912 1044078  866211 1091365]
2000,[1029743 8090537 8090521 1068719  916122]
2001,[1126899  878996 1029743  883003 1070820]
2002,[1106523 1029743  899624  946839 8090521]
2003,[10344585  5569471  1018339   916122   857503]
2004,[1029743 5568378 1055425  883932 8177622]
2005,[ 951590  986912 1044078 1068719 1075470]
2006,[5569471  916993 1029743 1070820 5574377]
2007,[1106523  857348 1064574  895295 1092303]
2008,[1126899  936830 1102067  885290 1106523]
2010,[ 826666 1044078  986912 5585510  880150]
2011,[ 916487 1005186 1118479  827079  909268]
2012,[1106523 5569230  916122 1029743 5568378]
2014,[1029743 1106523 1044078  916122  965766]
2015,[1082185 1029743  940947 1044188 6464208]
2016,[1106523 1004906 1094744 1083787 1044078]
2017,[1126899  916122 1070820  983584 1098844]
2018,[1082185 1106523 1081177  878996  924352]
2019,[1029743  899624 1044078  856818 1081177]
2020,[1068719 1029743  986912 1106523  878996]
2021,[ 951590 1044078  883932 1004906  899624]
2022,[ 1082185  1098844  1029743 13944905 13073175]
2023,[ 5569374  1003699 10344585   835296  8090509]
2024,[1082185 1126899 1106523 1098844 1108894]
2025,[1029743  940947 1121384  894570 5566472]
2026,[  916122  1044078 12810393   866211   944534]
2027,[1044078 1029743 1106523 1005186 5568378]
2028,[5569230 5568378 8090509 1029743 8090521]
2029,[1029743  916122 1081177 1091926 5568378]
2030,[1029743 5569471  946839 1056509  916993]
2031,[1044078 1106523 1038745 1121393 1123022]
2032,[1070820 5569230 1004906  880150 1038985]
2033,[1029743 6533765 1068719 5567169  892573]
2034,[1126899 1098844 1106523  900802 1098248]
2035,[1044078 1004906  934639 1038985  866211]
2036,[1126899  878996 1024306  944836 1053988]
2037,[1029743  976199 1044078 1068719  901062]
2038,[1029743 1068719  933835 1127716 1015597]
2039,[1106523 1082185 1029743 8090537 1051323]
2040,[1029743 1106523 1005186 1044078 1126899]
2041,[1127716 1074333  878715  917033  940947]
2042,[1126899 1131634 1098844 7169091  901656]
2043,[1101010  998119  986912  922561 1044078]
2044,[ 848684 1029743 1126899 1106523 1127716]
2047,[8090537 1106523 1029743  844179 1005186]
2048,[1106523 6391137 9835509 1075368  878996]
2049,[976199 933835 999104 854852 990797]
2050,[1101010  899624  933835 5569230  986912]
2053,[ 1029743  5569230   965766  8090536 12757140]
2055,[1097661 1011926 1104343 1097704 5568378]
2056,[  962229  1106523 15926886  1029743   899624]
2057,[1070820 5569230  901062  916122  899624]
2058,[6034857 1062002  948495  951412 1061982]
2059,[1126899 5569230 6034857  857503 1022254]
2060,[ 986912 1029743 5569230  993638 1091365]
2061,[1005186 1053282  909268 1120261 8090440]
2062,[  899624  1029743  1106523   979707 15926886]
2063,[1022254  986912 1005186  854852  961447]
2064,[1029743 1005186 1006483 1081177  866548]
2065,[1029743 1005186 8090521  844179 1044078]
2068,[1070820  916122 1004906 6034857  880150]
2069,[1106523 1029743 1005186 1044078  986912]
2070,[1029743  916122  986912  899624  913210]
2071,[1106523  899624 1029743  933835  922561]
2074,[1106523 5569230  844179 8090521  907631]
2075,[1029743  899624 1044078  839419 6533765]
2076,[ 1106523  1098844   835098 13416117   854852]
2077,[1106523 6391381 1004906 6463742  976199]
2078,[1106523 1082185 1029743  951590 5568378]
2079,[1106523 1082185 1026118 5569230 1029743]
2080,[1106523 1100273  919534 1044078 1061228]
2082,[ 848319  916122 1029743  909714  899624]
2083,[1005186 1070820 1004906  844179  845208]
2084,[ 6034857  1070820 12692328  5569230   916993]
2085,[1029743 1101010 1082185  962229 1070820]
2086,[1082185 1029743 1004906 5585510 1081177]
2087,[1029743  916993  976199 5569230  899624]
2088,[1082185 1029743  867272 1128016  965766]
2089,[1126899  855454 1102829  999391  985622]
2090,[ 1131506  6602697   916122 14106445  1118033]
2093,[1075368 1029743 5569230 5569471 8090521]
2094,[1082185  916993 1070820  859427 1022254]
2095,[1106523 1068719 6533765 1044078  986912]
2097,[1029743 6391557  857540 1106523  976199]
2099,[1029743 1005186 1026118 1101010 1037337]
2100,[ 1082185  1106523 15926886  1044078  1101010]
2101,[ 983584  883003 1029743 1101010  819978]
2102,[ 940947  872137 5569230 1135834 1045710]
2107,[1082185  979707 1029743 1098844  859427]
2108,[1106523 1029743  896085 6533936 6533765]
2109,[ 950894  935993 8065410  937292 1120928]
2110,[1082185 1029743 1106523  878996 6034857]
2111,[1126899 1127716 1063207  916122 1125943]
2112,[1029743 1126899  901062 1082212 1037332]
2113,[ 916122  946839 1029743 5569327 1138443]
2114,[1005186  885290  986912 1126899 1122545]
2115,[1029743 1070820  916122  965766 1024319]
2116,[1029743 1098844  986912 1070820  913210]
2117,[1005186 1094744 1120928 1106523  947798]
2119,[  899624   965766  1029743 12757140   916122]
2120,[882604 883068 883932 885290 885863]
2121,[ 976199  848319 5568729 5569471 1026118]
2122,[ 949023 1091365 1006184  936322  841365]
2123,[  824180  5569230  1029743 10285454  1056509]
2124,[1126899 1029743  944836 1062002  916122]
2125,[1029743  976199  883003 1068719  882247]
2126,[1126711  976199 6034857  833724 1104343]
2127,[1126899 1029743  983584 6034857  935993]
2129,[1029743 5569230 5569471 1070820 1004906]
2130,[1082185 1106523  899624  935993 1068719]
2131,[1029743  965766  986912 1070820 1022254]
2132,[ 990797 1034886  914318  866211  901062]
2133,[1126899  866548 1068957  972416  904105]
2134,[1082185  916122 1098844  899624  951590]
2136,[  901062  6602729   860248   951412 13039088]
2137,[1029743 1127758  910673 1068719 5592931]
2138,[1029743 1070820 5568378 1075368 1056509]
2139,[1005186  844179 1029743  940947  986912]
2140,[1070820 1005186 1127831  854852 1024306]
2141,[1070820  933835 1106523  901062  897671]
2142,[ 1029743  6533362   913210   923169 13007518]
2144,[ 5568378  1029743   860248 15717057   995502]
2145,[1001827  866211 5569374  971922  848319]
2146,[1029743 1106523  929018 1132771  932675]
2147,[1106523  976199 1104343 1005274 1004906]
2148,[1101010  913210  895930 1106523 6034857]
2149,[ 1082185  1106523   939681  9553193 13416117]
2153,[ 1029743 13841744  1044078  1005186  5592931]
2154,[1106523  901062 1014054 1024306  866211]
2156,[1029743 8090537  913210 1122358 5569230]
2158,[ 986912 6533765 6034857  844179  907631]
2159,[1106523 1004906 1038745 6533765 5592931]
2160,[12262978  1070702  7169089   953539   916122]
2161,[ 951590 1126899  951176  944836  995965]
2162,[ 1052294   979674 15596112  6395907  1084310]
2165,[1004906 1044078 1000753 1105917 1068504]
2168,[1044078  844179 8090521 5568378  899624]
2170,[1029743 1013928 5569230 1037840 8090537]
2171,[ 951590 1005186 1061747  974336 1081533]
2172,[1029743 1070820  906844 5569230  983665]
2173,[ 951590 1106523  899624 1062002 1029743]
2174,[1126899 1106523 1075368 1135476  866211]
2175,[ 823990  916122  938596  878996 1048257]
2179,[1106523  895166 1068719  911311 1135468]
2181,[1126899 1029743 1106523 1009187 5569230]
2182,[1005186 1106523 1029743 5569230  835098]
2183,[1082185 1029743 5569471  995965 1098844]
2184,[1005186 1110843 1029743 1106523 1010681]
2185,[ 878996  909714  835098  879699 5566309]
2186,[ 951590 1106523 5569230  899624  844179]
2187,[ 899624 1038663  999779 1101010  865456]
2188,[1106523 1101010  933835  819978 1132771]
2189,[1082185 1029743 5569230 1106523  913210]
2190,[1106523  976199 5568378  995628 5569471]
2192,[1106523 5569230  934639 1072523 1029688]
2193,[1098844  979707 1070820  913210  916122]
2194,[ 1042571  1081177   885290  1062128 15926886]
2195,[1126899 1101706 1000237  940947  901062]
2196,[1029743 5569374  999104 5569230  986912]
2197,[5569230 5569471  879504  916122 1044078]
2198,[ 910473  844179  856252  865026 1013928]
2199,[1126899 1070820  916993  901062 1029743]
2200,[ 916122 1004906  919534 6773232  899624]
2203,[1070820 1029743 1126899  951412  913210]
2204,[1106523 1044078 1029743 6533765  899624]
2206,[1029743 1121360  999104  853124 1137775]
2207,[ 986912 1005186  911311 1106523  916122]
2208,[1106523 5569230 5568378  940947 1006184]
2209,[1029743 1070820  885290 1098844 1135834]
2210,[1029743  965766 1044078 1068719  899624]
2211,[1126899 1070820  850834 1060408 1119942]
2213,[1000237 1126899 1070820  933835  979707]
2214,[1104343 1082212  919534  957411 8090532]
2215,[1106523 1075368 1004906 1112205 1128240]
2216,[1070820 1072523 1106523  916993 1029743]
2217,[1029743 1005186 9338009 1022254  916993]
2218,[ 899624 1049788 6034857 5569845  913210]
2220,[ 866548  880150  916122  854405 1000753]
2221,[7410320 7410321 1070727 1126899 1120261]
2222,[1029743 5569230 1075368 1101010 1065538]
2223,[1029743 6602697  871514  871756 5568378]
2224,[1070820 1005186 1100273 1129610 1040812]
2225,[1070820 1126899  991874  916122 9483753]
2226,[1005186  935993 1126899 1070820 1106523]
2227,[1029743 1101010 5569230  899624 5569471]
2229,[1070820  880427 1034176 1055504  878775]
2230,[1082212  819927  916122  847207  995965]
2231,[1126899 1070820  916122  944836 1055504]
2232,[1102416 1029743  933835  916993 1040807]
2233,[1098844 1126899 1026118  916122 1055425]
2234,[1104343  854754 1121694  854852  878996]
2235,[  857130 12731436   969866  5569230   976199]
2236,[1029743 1005186 5569230  916122 1106523]
2237,[ 976199  916122 1004906  849202  844179]
2238,[1029743  971983 1126895 1093413 6391080]
2240,[1106523 1029743 5569230 5568378 1044188]
2241,[1029743 1106523 8273833 5569230 1021116]
2242,[ 5569230  1029743  1037840 13381584  1101010]
2243,[ 899624  903529 5570383 1004906  979707]
2244,[1029743 1106523 1044078 1068719 5568378]
2245,[1044078 1081177 1106523  866211 6533765]
2247,[1106523 1044078 1005186  844179  872137]
2248,[1126899  949965  893018 1004906  987122]
2250,[1029743 5569471 5568378  899624  969568]
2251,[1029743 5568378 1106523 5569471  970866]
2252,[1029743 1082185 1106523 1098844 1004906]
2255,[1029743 1062863 1122358  837751 1086483]
2256,[1123022 8090536 8090537 8090532  857503]
2257,[1104349 1106523 1116376 1068719 1106116]
2259,[1025535 1026118 1027168 1028891 1028995]
2260,[1029743 1024319  993638 5569230  979707]
2261,[1106523 1037840  951590  983584  916122]
2262,[1019247 6773232  893018 5981267 1122358]
2263,[ 976199  986912 6602697 1029743  901062]
2264,[1126899  916122 1070820  976199 5566472]
2266,[6602697 1026118  845208  880427 1092303]
2267,[1126899  913210 6514160 1005186 1091901]
2268,[986912 906844 998270 974177 907099]
2269,[ 951590  916122  899624  844179 5569230]
2270,[1044078  922561 1005186 1004906 1002787]
2272,[  951590  1082185 15596112   852235  1037863]
2273,[1082185  880427 1029743 6602697 1098248]
2274,[1082185 1029743  913210  979707 1106523]
2275,[ 916122  899624  844179 1044078 5569230]
2276,[ 1095587   983584 12946027  6034857   866211]
2277,[1106523 1029743  947798  899624 1075368]
2278,[1070820  901062  951412  965842  866211]
2279,[ 849697 1121360  955921  916122  854852]
2280,[1070820 1101010 1082990 5569230  940947]
2281,[6514160 1126899 1046756 6534077  834117]
2282,[ 1070820 10457590   900802 16100266   833724]
2283,[1126899 1070820 1106523 6034857 1029743]
2284,[1070820  979707 1044259 1126899 6514160]
2285,[1134633 5569471 6534030 1000237  991874]
2286,[1070820 1029743  913210  956672  854852]
2287,[ 1029743   971922  1082212   933835 13008065]
2288,[1126899 1070820  976199 9338009 5569230]
2289,[ 1029743 10344585   834396   913210   933835]
2290,[1029743  827656 1075368 1037840 1101010]
2291,[12523928   986912   962588  7466852  1127470]
2292,[ 1029743  1043534   880895 13213202   865456]
2294,[1082185 1029743 5590613 1106523 7410361]
2295,[1106523  899624 5590613 1044078 1004906]
2296,[1029743  856252  913210 9245108 1101010]
2297,[1106523 1127758  835098  854852 1081177]
2298,[1029743 1106523 1092937  844179  821741]
2299,[1091858  916122  878996 6602697 1062002]
2300,[ 1029743 10344585  8273833   965766   844179]
2301,[1029743 1082185 5569230 1138292  983584]
2302,[1029743  916993 1004906 1005186  913210]
2303,[1029743  933835 5569230  983584 1135476]
2305,[1029743  983584 1069039  916122 1056509]
2307,[ 986912  883003  995965 1098844 1112238]
2308,[1029743  854852  916122 1077133  989824]
2309,[1106523  879734  885697 5569845 1110244]
2310,[1068719  965766  999779 5568378 1004906]
2312,[1082185 1070820  916122  979707 1005186]
2313,[1036699  965842  906923  907631  908318]
2314,[1126899  848319 1048257  979707  916122]
2317,[1082185 1029743  916122  933835 1098844]
2319,[1029743 1044078 5569230 1075368 8090537]
2321,[1029743  880888 5569230 6034857 1108094]
2322,[ 1082185  1044259  1126899  1026118 13417954]
2323,[1005186 1119405 9832514 1000237 1088979]
2324,[ 1029743  1006878 10143784   909714   938118]
2326,[1029743 1119761 1044078 1083787  865528]
2328,[1082990 1106523  916122  929373 1027849]
2330,[1126899 1070820 1053988 1101010  976199]
2331,[1029743  856252 5568378  933835 1044078]
2332,[ 860248 1076842 5568758  839438  990256]
2333,[6533936 5585510  866755 6443350 9396705]
2334,[1029743  951590 1102416  892573 1137346]
2335,[ 899624 1103808 1106523  866211 5568378]
2336,[1029743 5569230 1106523 1126899 5568378]
2337,[1082185 1097398 1015539 1106523 1067695]
2338,[1106523  890695 1082990 1101706  916122]
2339,[1106523 5568378  986912 1083787 1051323]
2341,[6533765 1029743 1106523 1098284 1081177]
2342,[1029743  916122  866548 5569230 1004906]
2343,[1029743  916122  856060  883003 1106523]
2344,[1106523  839438 8090537 5569230 1068719]
2345,[1029743 1106523 5569230  844179  899624]
2346,[1029743  978343  901062 1072693 1068719]
2347,[1029743 5569230 5569471  845914 8090521]
2348,[7025202 1101980  891134  828106  819978]
2349,[1082185 1029743 1070820  836085 1106523]
2350,[1029743 1132771 1101010  883003  899624]
2351,[ 916122 1029743 1022254  976199 1082990]
2352,[5569230  965766 1063207 5569471 5568378]
2353,[1082185 5569230 1106523 1056509  866211]
2354,[ 916122 1126899  913210  944836  866211]
2355,[12810393  1003616  1121393   960942  1122545]
2357,[1029743  849202 6533765 9707240 9707498]
2358,[1004906 1117690  824037 1070702  844179]
2359,[1106523 1044078  965766 6533765 1103105]
2360,[1029743  916122  844179  909714  883003]
2361,[ 1126899   840227 12811532  1044078 12810393]
2362,[1029743 1122358  916122 5588161 1121384]
2363,[1070820 1029743 6602697  944137  946839]
2364,[5707857  989069  991223  993638  995478]
2366,[1044078 1004906  913210  849202 1012701]
2367,[ 1029743  1126899  1106523 12301100  1044078]
2368,[1029743 1126899  940947 1055155 1056509]
2369,[ 951590 1029743 1106523 1070820  940947]
2370,[1070820 5569471  916122  946839 1098248]
2371,[1106523 1082185 5569230 1026118 5585510]
2372,[ 982469 1038985  851066 1037840 1029743]
2373,[7152455 8273833 8293447 9242918 9245106]
2374,[1070820  872137 1041796  901062 1005186]
2375,[1082185 1106523  899624 5585510 1005186]
2376,[1029743 1126899  844179 1005186 8090537]
2377,[1055168 1004906  844179  883003  910032]
2378,[1029743  933835  916122 1022254 1128016]
2379,[ 946839  860248 1126899 1005186  854405]
2380,[1029743 1122358 1060408 1039927 1101980]
2381,[ 895930 1093413  890695 1044078  916122]
2383,[1029743 1106523 1037840 5569230  831063]
2386,[1029743 1070820 5568378 1050851  976199]
2387,[1126899  940947  832678  866211  844179]
2388,[1106523 1029743 1044188  890695 1044078]
2389,[1029743 1106523  937736  893018 1004906]
2392,[5568378 1068719  965766 1004906 1106523]
2393,[ 976199  995965  863447 6391089 1024032]
2394,[5569327  998119  866211 1117556 1015548]
2395,[ 1029743  5569230  1106523   985893 12301100]
2396,[1029743  998119  857130  976199  848319]
2398,[ 891118 5578856 1037332 6463775  916122]
2399,[1106523  838186 1068292 1012587 1086740]
2400,[1044078 6533765 1082185 1106523  947798]
2401,[1106523  848029  845208 1081177 1026118]
2402,[1106523 1019637  995276  908843  864335]
2404,[12262778 12262978 12263692 12301073 12301100]
2405,[1029743 6602697 6533765  821741  936914]
2406,[1126899 5569230  878996 1070820  899624]
2407,[ 1029743 15926886   976199   899624 12731432]
2408,[1029743  892531 1138443  938138  940947]
2410,[ 1106523  1037840  1029743  5569230 12731436]
2412,[1106523  899624 1044078  870547 1101010]
2415,[1082185  981660  990453  986912 1126899]
2416,[ 1139782  1098844   842698   849697 12810391]
2418,[1029743 1005186 1044078  844179 1004906]
2419,[1126899 1070820 1106523 1029743 1075368]
2420,[1106523 1068719 6533765 1044078 1004906]
2421,[1070820  933835  999104  878996 5569471]
2423,[1106523 1029743  819927  911974 8090521]
2424,[1029743  916993 6034857  936830  913210]
2425,[1029743 1070820  976199  918676 5569230]
2426,[1058404 1029743  958208 1044078 1016421]
2427,[ 856252  916122 1054539 5565925  933835]
2430,[ 951590 5569230 5569471  976199  933835]
2431,[1106523 1004906  845208 5569230  969866]
2432,[1029743 1101010 1005186  986912 5569471]
2435,[ 1029743   899624 12810391   866211  1081177]
2437,[7409618 7409644  862010 1070820 1054567]
2438,[8090556  892531  938381  951412  919766]
2440,[1106523 6533765  874972 1068292  965766]
2441,[1029743  898121  948670 1051211 1024306]
2442,[1126899 5569230 6602697  860248 5592931]
2445,[1029743  844179  933835 1082185  899624]
2446,[1044259 1000542 1126899  941368  990797]
2447,[ 944137 1062002 1010079  908318 1093113]
2448,[1106523 6034857 1054402 1004906 1006252]
2449,[1126899 1029743 1098844  979707  901062]
2450,[1070820  976199 5569471 1121384 6034857]
2451,[1022254 1018822  878996 1117690 1076580]
2452,[5568378 1081177  949023 1106523 6533765]
2453,[1005186 1070820  976199 1136719 1098844]
2454,[1037332  969945  999189 5592888  954966]
2455,[1029743 5569471  933835 1106523  838186]
2456,[1126899  916122  873715  951412  866211]
2457,[1106523  878996  901062 1104343  854852]
2458,[ 885290  901062  965842 1041796 1013167]
2459,[1135468  918638 1050851 9526628 1074040]
2460,[5569230 1082990 5569471  979707 5568378]
2461,[1098844 6514160 6034857 1022254  854405]
2462,[ 916122 6034857  979707 1029743 8293343]
2464,[1070820 1104349 1082212  902811 1051211]
2465,[856252 986912 899624 944534 844179]
2466,[1068719 1106523  857130 1093413  820347]
2467,[1126899 6602697  909714  833940 1055425]
2468,[1106523 5568378 1031316  916122 5569327]
2469,[ 916122  999858 1005186 1130375 1070702]
2470,[1129912  950894  823356 6391381  983000]
2471,[ 1029743  1104343   848319 12384779  1062002]
2472,[1082185 1029743  986912 1005186  930118]
2474,[1029743  967144  849505 1011427 1119667]
2475,[1070820 5569471  837969  971922  918598]
2478,[ 979707  965766 1004906 1005186  999104]
2479,[ 951590 1106523  916122  909714 1135476]
2481,[1029743 1056509 1126899 5568378  899624]
2482,[ 1106523  1029743  8019649 15926886   899624]
2483,[6533936 1070820  948832 1131625 1029743]
2484,[1029743  899624 6533765  913210  878715]
2485,[ 5569230 12695224  5569471  5590613  1098844]
2486,[1029743 5569230 8090521 1106523  916122]
2487,[ 1029743 10344585  5570383  5569230   933835]
2488,[ 913210 1070820  933835 5569374 1040807]
2489,[1029743 1126899 9338009  976199 1098844]
2490,[1106523  844179  986912 1002787 1070702]
2492,[1106523 1005186 6533765  986912 5569230]
2494,[1070820 1029743 1004906 1098844 5569471]
2495,[1126899 1006184  944137  906838  839656]
2496,[1106523  916122  899624 5569230  933835]
2497,[1070820 1029743  899624 1082185 5569230]
2498,[1070820  901776 1126899 1022066 1106523]
2499,[5568378 1070820 5569327  899624  916122]
2500,[1126899  979707 1056509 5566235 1065538]
